,region
AACAACCAAACGTGAT,Cortex
AACAACCAAAGACGGA,Cortex
AACAACCAAAGGTACA,Cortex
AACAACCAACACAGAA,Cortex
AACAACCAACAGCAGA,Cortex
AACAACCAACCTCCAA,Cortex
AACAACCAACGTATCA,Cortex
AACAACCAACTATGCA,Cortex
AACAACCAAGAGTCAA,Cortex
AACAACCAAGCAGGAA,Cortex
AACAACCAAGTCACTA,Cortex
AACAACCAATCCTGTA,Cortex
AACAACCACAACCACA,Cortex
AACAACCACAAGACTA,Cortex
AACAACCACAATGGAA,Cortex
AACAACCACACTTCGA,Outer stripe
AACAACCACAGCGTTA,Inner stripe
AACAACCACATACCAA,Inner stripe
AACAACCACCAGTTCA,Outer stripe
AACAACCACCGAAGTA,Cortex
AACAACCACGAACTTA,Cortex
AACAACCACGCATACA,Cortex
AACAACCACTCAATGA,Cortex
AACAACCACTGGCATA,Cortex
AACAACCAGAATCTGA,Cortex
AACAACCAGACTAGTA,Cortex
AACAACCAGAGCTGAA,Cortex
AACAACCAGATAGACA,Cortex
AACAACCAGCCAAGAC,Cortex
AACAACCAGCCACATA,Cortex
AACAACCAGCGAGTAA,Cortex
AACAACCAGCTAACGA,Cortex
AACAACCAGGAGAACA,Cortex
AACAACCAGTACGCAA,Cortex
AACAACCAGTCGTAGA,Cortex
AACAACCAGTCTGTCA,Cortex
AACAACCAGTGTTCTA,Cortex
AACAACCATAGGATGA,Cortex
AACCGAGAAACGCTTA,Cortex
AACCGAGAAACGTGAT,Cortex
AACCGAGAAAGACGGA,Cortex
AACCGAGAAAGGTACA,Cortex
AACCGAGAACACAGAA,Cortex
AACCGAGAACAGCAGA,Cortex
AACCGAGAACCTCCAA,Cortex
AACCGAGAACGTATCA,Cortex
AACCGAGAACTATGCA,Cortex
AACCGAGAAGAGTCAA,Cortex
AACCGAGAAGCAGGAA,Cortex
AACCGAGAAGTCACTA,Cortex
AACCGAGAATCCTGTA,Cortex
AACCGAGACAACCACA,Cortex
AACCGAGACAAGACTA,Cortex
AACCGAGACAATGGAA,Outer stripe
AACCGAGACACTTCGA,Outer stripe
AACCGAGACAGCGTTA,Inner stripe
AACCGAGACATACCAA,Inner stripe
AACCGAGACCAGTTCA,Inner stripe
AACCGAGACCGAAGTA,Outer stripe
AACCGAGACGAACTTA,Outer stripe
AACCGAGACGCATACA,Cortex
AACCGAGACTCAATGA,Cortex
AACCGAGACTGGCATA,Cortex
AACCGAGAGAATCTGA,Cortex
AACCGAGAGACTAGTA,Cortex
AACCGAGAGAGCTGAA,Cortex
AACCGAGAGATAGACA,Outer stripe
AACCGAGAGCCAAGAC,Cortex
AACCGAGAGCCACATA,Cortex
AACCGAGAGCGAGTAA,Cortex
AACCGAGAGCTAACGA,Cortex
AACCGAGAGGAGAACA,Cortex
AACCGAGAGTACGCAA,Cortex
AACCGAGAGTCGTAGA,Cortex
AACCGAGAGTCTGTCA,Cortex
AACCGAGAGTGTTCTA,Cortex
AACCGAGATAGGATGA,Cortex
AACGCTTAAACCGAGA,Cortex
AACGCTTAAACGCTTA,Cortex
AACGCTTAAACGTGAT,Cortex
AACGCTTAAAGACGGA,Cortex
AACGCTTAAAGGTACA,Cortex
AACGCTTAACACAGAA,Cortex
AACGCTTAACAGCAGA,Cortex
AACGCTTAACCTCCAA,Cortex
AACGCTTAACGTATCA,Cortex
AACGCTTAACTATGCA,Cortex
AACGCTTAAGAGTCAA,Cortex
AACGCTTAAGCAGGAA,Cortex
AACGCTTAAGTCACTA,Cortex
AACGCTTAATCCTGTA,Cortex
AACGCTTACAACCACA,Outer stripe
AACGCTTACAAGACTA,Cortex
AACGCTTACAATGGAA,Outer stripe
AACGCTTACACTTCGA,Inner stripe
AACGCTTACAGCGTTA,Inner stripe
AACGCTTACATACCAA,Inner stripe
AACGCTTACCAGTTCA,Inner stripe
AACGCTTACCGAAGTA,Inner stripe
AACGCTTACGAACTTA,Outer stripe
AACGCTTACGCATACA,Outer stripe
AACGCTTACTCAATGA,Cortex
AACGCTTACTGGCATA,Cortex
AACGCTTAGAATCTGA,Cortex
AACGCTTAGACTAGTA,Inner stripe
AACGCTTAGAGCTGAA,Outer stripe
AACGCTTAGATAGACA,Inner stripe
AACGCTTAGCCAAGAC,Outer stripe
AACGCTTAGCCACATA,Outer stripe
AACGCTTAGCGAGTAA,Cortex
AACGCTTAGCTAACGA,Cortex
AACGCTTAGGAGAACA,Cortex
AACGCTTAGTACGCAA,Cortex
AACGCTTAGTCGTAGA,Cortex
AACGCTTAGTCTGTCA,Cortex
AACGCTTAGTGTTCTA,Cortex
AACGCTTATAGGATGA,Cortex
AACGTGATAACAACCA,Cortex
AACGTGATAACCGAGA,Cortex
AACGTGATAACGCTTA,Cortex
AACGTGATAACGTGAT,Inner stripe
AACGTGATAAGACGGA,Cortex
AACGTGATAAGGTACA,Cortex
AACGTGATACAAGCTA,Cortex
AACGTGATACACAGAA,Cortex
AACGTGATACAGCAGA,Cortex
AACGTGATACATTGGC,Cortex
AACGTGATACCTCCAA,Outer stripe
AACGTGATACGTATCA,Outer stripe
AACGTGATACTATGCA,Outer stripe
AACGTGATAGAGTCAA,Inner stripe
AACGTGATAGCAGGAA,Inner medulla
AACGTGATAGTACAAG,Cortex
AACGTGATAGTCACTA,Inner stripe
AACGTGATATCCTGTA,Inner stripe
AACGTGATCAACCACA,Inner medulla
AACGTGATCAAGACTA,Inner medulla
AACGTGATCAATGGAA,Inner medulla
AACGTGATCACTTCGA,Inner medulla
AACGTGATCAGATCTG,Cortex
AACGTGATCAGCGTTA,Inner medulla
AACGTGATCATACCAA,Inner medulla
AACGTGATCATCAAGT,Cortex
AACGTGATCCAGTTCA,Inner medulla
AACGTGATCCGAAGTA,Inner medulla
AACGTGATCGAACTTA,Inner medulla
AACGTGATCGCATACA,Inner medulla
AACGTGATCTCAATGA,Inner medulla
AACGTGATCTGGCATA,Inner medulla
AACGTGATGAATCTGA,Inner medulla
AACGTGATGACTAGTA,Inner medulla
AACGTGATGAGCTGAA,Inner medulla
AACGTGATGATAGACA,Inner medulla
AACGTGATGCCAAGAC,Inner medulla
AACGTGATGCCACATA,Inner stripe
AACGTGATGCGAGTAA,Inner stripe
AACGTGATGCTAACGA,Inner stripe
AACGTGATGGAGAACA,Inner stripe
AACGTGATGTACGCAA,Outer stripe
AACGTGATGTCGTAGA,Cortex
AACGTGATGTCTGTCA,Cortex
AACGTGATGTGTTCTA,Cortex
AACGTGATTAGGATGA,Cortex
AAGACGGAAACAACCA,Cortex
AAGACGGAAACCGAGA,Cortex
AAGACGGAAACGCTTA,Cortex
AAGACGGAAACGTGAT,Cortex
AAGACGGAAAGACGGA,Cortex
AAGACGGAAAGGTACA,Cortex
AAGACGGAACACAGAA,Cortex
AAGACGGAACAGCAGA,Cortex
AAGACGGAACCTCCAA,Cortex
AAGACGGAACGTATCA,Cortex
AAGACGGAACTATGCA,Cortex
AAGACGGAAGAGTCAA,Cortex
AAGACGGAAGCAGGAA,Cortex
AAGACGGAAGTCACTA,Cortex
AAGACGGAATCCTGTA,Outer stripe
AAGACGGACAACCACA,Inner stripe
AAGACGGACAAGACTA,Outer stripe
AAGACGGACAATGGAA,Inner stripe
AAGACGGACACTTCGA,Inner stripe
AAGACGGACAGCGTTA,Inner stripe
AAGACGGACATACCAA,Inner stripe
AAGACGGACCAGTTCA,Inner stripe
AAGACGGACCGAAGTA,Inner stripe
AAGACGGACGAACTTA,Outer stripe
AAGACGGACGCATACA,Cortex
AAGACGGACTCAATGA,Outer stripe
AAGACGGACTGGCATA,Outer stripe
AAGACGGAGAATCTGA,Outer stripe
AAGACGGAGACTAGTA,Inner stripe
AAGACGGAGAGCTGAA,Inner stripe
AAGACGGAGATAGACA,Inner stripe
AAGACGGAGCCAAGAC,Outer stripe
AAGACGGAGCCACATA,Outer stripe
AAGACGGAGCGAGTAA,Outer stripe
AAGACGGAGCTAACGA,Cortex
AAGACGGAGGAGAACA,Cortex
AAGACGGAGTACGCAA,Cortex
AAGACGGAGTCGTAGA,Cortex
AAGACGGAGTCTGTCA,Cortex
AAGACGGAGTGTTCTA,Cortex
AAGACGGATAGGATGA,Cortex
AAGGTACAAACAACCA,Cortex
AAGGTACAAACCGAGA,Cortex
AAGGTACAAACGCTTA,Cortex
AAGGTACAAACGTGAT,Cortex
AAGGTACAAAGACGGA,Cortex
AAGGTACAAAGGTACA,Cortex
AAGGTACAACACAGAA,Cortex
AAGGTACAACAGCAGA,Cortex
AAGGTACAACCTCCAA,Cortex
AAGGTACAACGTATCA,Cortex
AAGGTACAACTATGCA,Cortex
AAGGTACAAGAGTCAA,Cortex
AAGGTACAAGCAGGAA,Cortex
AAGGTACAAGTCACTA,Outer stripe
AAGGTACAATCCTGTA,Outer stripe
AAGGTACACAACCACA,Inner stripe
AAGGTACACAAGACTA,Outer stripe
AAGGTACACAATGGAA,Inner stripe
AAGGTACACACTTCGA,Inner stripe
AAGGTACACAGCGTTA,Inner stripe
AAGGTACACATACCAA,Inner stripe
AAGGTACACCAGTTCA,Inner stripe
AAGGTACACCGAAGTA,Inner stripe
AAGGTACACGAACTTA,Outer stripe
AAGGTACACGCATACA,Outer stripe
AAGGTACACTCAATGA,Inner stripe
AAGGTACACTGGCATA,Outer stripe
AAGGTACAGAATCTGA,Outer stripe
AAGGTACAGACTAGTA,Inner stripe
AAGGTACAGAGCTGAA,Inner stripe
AAGGTACAGATAGACA,Inner stripe
AAGGTACAGCCAAGAC,Outer stripe
AAGGTACAGCCACATA,Outer stripe
AAGGTACAGCGAGTAA,Outer stripe
AAGGTACAGCTAACGA,Outer stripe
AAGGTACAGGAGAACA,Cortex
AAGGTACAGTACGCAA,Cortex
AAGGTACAGTCGTAGA,Cortex
AAGGTACAGTCTGTCA,Cortex
AAGGTACAGTGTTCTA,Cortex
AAGGTACATAGGATGA,Cortex
ACAAGCTAAACGTGAT,Cortex
ACAAGCTAACACAGAA,Cortex
ACAAGCTAACAGCAGA,Cortex
ACAAGCTAACCTCCAA,Cortex
ACAAGCTAACGTATCA,Cortex
ACAAGCTAACTATGCA,Cortex
ACAAGCTAAGAGTCAA,Cortex
ACAAGCTAAGCAGGAA,Cortex
ACAAGCTAAGTCACTA,Cortex
ACAAGCTAATCCTGTA,Cortex
ACAAGCTACAACCACA,Cortex
ACAAGCTACAAGACTA,Cortex
ACAAGCTACAATGGAA,Cortex
ACAAGCTACACTTCGA,Cortex
ACAAGCTACAGCGTTA,Cortex
ACAAGCTACATACCAA,Cortex
ACAAGCTACCAGTTCA,Cortex
ACAAGCTACCGAAGTA,Cortex
ACAAGCTACGAACTTA,Cortex
ACAAGCTACGCATACA,Cortex
ACAAGCTACTCAATGA,Cortex
ACAAGCTACTGGCATA,Cortex
ACAAGCTAGAATCTGA,Cortex
ACAAGCTAGACTAGTA,Cortex
ACAAGCTAGAGCTGAA,Cortex
ACAAGCTAGATAGACA,Cortex
ACAAGCTAGCCAAGAC,Cortex
ACAAGCTAGCCACATA,Cortex
ACAAGCTAGCGAGTAA,Cortex
ACAAGCTAGCTAACGA,Cortex
ACAAGCTAGGAGAACA,Cortex
ACAAGCTAGTACGCAA,Cortex
ACAAGCTAGTCGTAGA,Cortex
ACAAGCTAGTCTGTCA,Cortex
ACAAGCTAGTGTTCTA,Cortex
ACACAGAAAACAACCA,Cortex
ACACAGAAAACCGAGA,Cortex
ACACAGAAAACGCTTA,Cortex
ACACAGAAAACGTGAT,Cortex
ACACAGAAAAGACGGA,Cortex
ACACAGAAAAGGTACA,Cortex
ACACAGAAACACAGAA,Cortex
ACACAGAAACAGCAGA,Cortex
ACACAGAAACCTCCAA,Cortex
ACACAGAAACGTATCA,Cortex
ACACAGAAACTATGCA,Cortex
ACACAGAAAGAGTCAA,Cortex
ACACAGAAAGCAGGAA,Outer stripe
ACACAGAAAGTACAAG,Cortex
ACACAGAAAGTCACTA,Outer stripe
ACACAGAAATCCTGTA,Outer stripe
ACACAGAACAACCACA,Inner stripe
ACACAGAACAAGACTA,Inner stripe
ACACAGAACAATGGAA,Inner stripe
ACACAGAACACTTCGA,Inner stripe
ACACAGAACAGCGTTA,Inner stripe
ACACAGAACATACCAA,Inner stripe
ACACAGAACCAGTTCA,Inner stripe
ACACAGAACCGAAGTA,Inner stripe
ACACAGAACGAACTTA,Inner stripe
ACACAGAACGCATACA,Inner stripe
ACACAGAACTCAATGA,Inner stripe
ACACAGAACTGGCATA,Inner stripe
ACACAGAAGAATCTGA,Inner stripe
ACACAGAAGACTAGTA,Inner stripe
ACACAGAAGAGCTGAA,Inner stripe
ACACAGAAGATAGACA,Inner stripe
ACACAGAAGCCAAGAC,Inner stripe
ACACAGAAGCCACATA,Inner stripe
ACACAGAAGCGAGTAA,Outer stripe
ACACAGAAGCTAACGA,Inner stripe
ACACAGAAGGAGAACA,Cortex
ACACAGAAGTACGCAA,Cortex
ACACAGAAGTCGTAGA,Cortex
ACACAGAAGTCTGTCA,Cortex
ACACAGAAGTGTTCTA,Cortex
ACACAGAATAGGATGA,Cortex
ACAGCAGAAACAACCA,Cortex
ACAGCAGAAACCGAGA,Cortex
ACAGCAGAAACGCTTA,Cortex
ACAGCAGAAACGTGAT,Outer stripe
ACAGCAGAAAGACGGA,Cortex
ACAGCAGAAAGGTACA,Cortex
ACAGCAGAACAAGCTA,Cortex
ACAGCAGAACACAGAA,Cortex
ACAGCAGAACAGCAGA,Cortex
ACAGCAGAACCTCCAA,Cortex
ACAGCAGAACGTATCA,Cortex
ACAGCAGAACTATGCA,Cortex
ACAGCAGAAGAGTCAA,Cortex
ACAGCAGAAGCAGGAA,Outer stripe
ACAGCAGAAGTACAAG,Cortex
ACAGCAGAAGTCACTA,Inner stripe
ACAGCAGAATCCTGTA,Inner stripe
ACAGCAGACAACCACA,Inner stripe
ACAGCAGACAAGACTA,Inner stripe
ACAGCAGACAATGGAA,Inner stripe
ACAGCAGACACTTCGA,Inner stripe
ACAGCAGACAGCGTTA,Inner stripe
ACAGCAGACATACCAA,Inner medulla
ACAGCAGACCAGTTCA,Inner medulla
ACAGCAGACCGAAGTA,Inner stripe
ACAGCAGACGAACTTA,Inner medulla
ACAGCAGACGCATACA,Inner medulla
ACAGCAGACTCAATGA,Inner medulla
ACAGCAGACTGGCATA,Inner stripe
ACAGCAGAGAATCTGA,Inner stripe
ACAGCAGAGACTAGTA,Inner stripe
ACAGCAGAGAGCTGAA,Inner stripe
ACAGCAGAGATAGACA,Inner stripe
ACAGCAGAGCCAAGAC,Inner stripe
ACAGCAGAGCCACATA,Inner stripe
ACAGCAGAGCGAGTAA,Inner stripe
ACAGCAGAGCTAACGA,Inner stripe
ACAGCAGAGGAGAACA,Cortex
ACAGCAGAGTACGCAA,Cortex
ACAGCAGAGTCGTAGA,Cortex
ACAGCAGAGTCTGTCA,Cortex
ACAGCAGAGTGTTCTA,Cortex
ACAGCAGATAGGATGA,Cortex
ACATTGGCAACGTGAT,Cortex
ACATTGGCACTATGCA,Cortex
ACATTGGCAGAGTCAA,Cortex
ACATTGGCAGCAGGAA,Cortex
ACATTGGCAGTCACTA,Cortex
ACATTGGCATCCTGTA,Cortex
ACATTGGCCAACCACA,Cortex
ACATTGGCCAAGACTA,Cortex
ACATTGGCCAATGGAA,Cortex
ACATTGGCCACTTCGA,Cortex
ACATTGGCCAGCGTTA,Cortex
ACATTGGCCATACCAA,Cortex
ACATTGGCCCAGTTCA,Cortex
ACATTGGCCCGAAGTA,Cortex
ACATTGGCCGAACTTA,Cortex
ACATTGGCCGCATACA,Cortex
ACATTGGCCTCAATGA,Cortex
ACATTGGCCTGGCATA,Cortex
ACATTGGCGAATCTGA,Cortex
ACATTGGCGACTAGTA,Cortex
ACATTGGCGAGCTGAA,Cortex
ACATTGGCGATAGACA,Cortex
ACATTGGCGCCAAGAC,Cortex
ACATTGGCGCCACATA,Cortex
ACATTGGCGCGAGTAA,Cortex
ACATTGGCGCTAACGA,Cortex
ACATTGGCGGAGAACA,Cortex
ACATTGGCGTACGCAA,Cortex
ACATTGGCGTCGTAGA,Cortex
ACCACTGTAACGTGAT,Cortex
ACCACTGTAGCAGGAA,Cortex
ACCACTGTAGTCACTA,Cortex
ACCACTGTATCCTGTA,Cortex
ACCACTGTCAACCACA,Cortex
ACCACTGTCAAGACTA,Cortex
ACCACTGTCAATGGAA,Cortex
ACCACTGTCACTTCGA,Cortex
ACCACTGTCAGCGTTA,Cortex
ACCACTGTCATACCAA,Cortex
ACCACTGTCCAGTTCA,Cortex
ACCACTGTCCGAAGTA,Cortex
ACCACTGTCGAACTTA,Cortex
ACCACTGTCGCATACA,Cortex
ACCACTGTCTCAATGA,Cortex
ACCACTGTCTGGCATA,Cortex
ACCACTGTGAATCTGA,Cortex
ACCACTGTGACTAGTA,Cortex
ACCACTGTGAGCTGAA,Cortex
ACCACTGTGATAGACA,Cortex
ACCACTGTGCCAAGAC,Cortex
ACCACTGTGCCACATA,Cortex
ACCACTGTGCGAGTAA,Cortex
ACCACTGTGCTAACGA,Cortex
ACCACTGTGGAGAACA,Cortex
ACCACTGTGTACGCAA,Cortex
ACCTCCAAAACAACCA,Cortex
ACCTCCAAAACCGAGA,Cortex
ACCTCCAAAACGCTTA,Cortex
ACCTCCAAAACGTGAT,Outer stripe
ACCTCCAAAAGACGGA,Cortex
ACCTCCAAAAGGTACA,Cortex
ACCTCCAAACAAGCTA,Cortex
ACCTCCAAACACAGAA,Cortex
ACCTCCAAACAGCAGA,Cortex
ACCTCCAAACCTCCAA,Cortex
ACCTCCAAACGTATCA,Cortex
ACCTCCAAACTATGCA,Cortex
ACCTCCAAAGAGTCAA,Cortex
ACCTCCAAAGCAGGAA,Inner stripe
ACCTCCAAAGTACAAG,Cortex
ACCTCCAAAGTCACTA,Inner stripe
ACCTCCAAATCCTGTA,Inner stripe
ACCTCCAACAACCACA,Inner stripe
ACCTCCAACAAGACTA,Inner stripe
ACCTCCAACAATGGAA,Inner stripe
ACCTCCAACACTTCGA,Inner stripe
ACCTCCAACAGCGTTA,Inner medulla
ACCTCCAACATACCAA,Inner medulla
ACCTCCAACATCAAGT,Cortex
ACCTCCAACCAGTTCA,Inner medulla
ACCTCCAACCGAAGTA,Inner medulla
ACCTCCAACGAACTTA,Inner medulla
ACCTCCAACGCATACA,Inner medulla
ACCTCCAACTCAATGA,Inner medulla
ACCTCCAACTGGCATA,Inner medulla
ACCTCCAAGAATCTGA,Inner stripe
ACCTCCAAGACTAGTA,Inner stripe
ACCTCCAAGAGCTGAA,Inner stripe
ACCTCCAAGATAGACA,Inner stripe
ACCTCCAAGCCAAGAC,Inner stripe
ACCTCCAAGCCACATA,Inner stripe
ACCTCCAAGCGAGTAA,Inner stripe
ACCTCCAAGCTAACGA,Inner stripe
ACCTCCAAGGAGAACA,Outer stripe
ACCTCCAAGTACGCAA,Cortex
ACCTCCAAGTCGTAGA,Cortex
ACCTCCAAGTCTGTCA,Cortex
ACCTCCAAGTGTTCTA,Cortex
ACCTCCAATAGGATGA,Cortex
ACGTATCAAACAACCA,Cortex
ACGTATCAAACCGAGA,Cortex
ACGTATCAAACGCTTA,Cortex
ACGTATCAAACGTGAT,Outer stripe
ACGTATCAAAGACGGA,Cortex
ACGTATCAAAGGTACA,Cortex
ACGTATCAACAAGCTA,Cortex
ACGTATCAACACAGAA,Cortex
ACGTATCAACAGCAGA,Cortex
ACGTATCAACCTCCAA,Cortex
ACGTATCAACGTATCA,Cortex
ACGTATCAACTATGCA,Cortex
ACGTATCAAGAGTCAA,Cortex
ACGTATCAAGCAGGAA,Inner stripe
ACGTATCAAGTACAAG,Cortex
ACGTATCAAGTCACTA,Inner stripe
ACGTATCAATCCTGTA,Inner stripe
ACGTATCACAACCACA,Inner stripe
ACGTATCACAAGACTA,Inner medulla
ACGTATCACAATGGAA,Inner medulla
ACGTATCACACTTCGA,Inner medulla
ACGTATCACAGCGTTA,Inner medulla
ACGTATCACATACCAA,Inner medulla
ACGTATCACATCAAGT,Cortex
ACGTATCACCAGTTCA,Inner medulla
ACGTATCACCGAAGTA,Inner medulla
ACGTATCACGAACTTA,Inner medulla
ACGTATCACGCATACA,Inner medulla
ACGTATCACTCAATGA,Inner medulla
ACGTATCACTGGCATA,Inner medulla
ACGTATCAGAATCTGA,Inner medulla
ACGTATCAGACTAGTA,Inner stripe
ACGTATCAGAGCTGAA,Inner stripe
ACGTATCAGATAGACA,Inner stripe
ACGTATCAGCCAAGAC,Inner stripe
ACGTATCAGCCACATA,Inner stripe
ACGTATCAGCGAGTAA,Inner stripe
ACGTATCAGCTAACGA,Inner stripe
ACGTATCAGGAGAACA,Outer stripe
ACGTATCAGTACGCAA,Cortex
ACGTATCAGTCGTAGA,Cortex
ACGTATCAGTCTGTCA,Cortex
ACGTATCAGTGTTCTA,Cortex
ACGTATCATAGGATGA,Cortex
ACTATGCAAACAACCA,Cortex
ACTATGCAAACCGAGA,Cortex
ACTATGCAAACGCTTA,Cortex
ACTATGCAAACGTGAT,Inner stripe
ACTATGCAAAGACGGA,Cortex
ACTATGCAAAGGTACA,Cortex
ACTATGCAACAAGCTA,Cortex
ACTATGCAACACAGAA,Cortex
ACTATGCAACAGCAGA,Cortex
ACTATGCAACCTCCAA,Cortex
ACTATGCAACGTATCA,Cortex
ACTATGCAACTATGCA,Cortex
ACTATGCAAGAGTCAA,Outer stripe
ACTATGCAAGCAGGAA,Inner stripe
ACTATGCAAGTACAAG,Cortex
ACTATGCAAGTCACTA,Inner stripe
ACTATGCAATCCTGTA,Inner stripe
ACTATGCACAACCACA,Inner stripe
ACTATGCACAAGACTA,Inner medulla
ACTATGCACAATGGAA,Inner medulla
ACTATGCACACTTCGA,Inner medulla
ACTATGCACAGATCTG,Cortex
ACTATGCACAGCGTTA,Inner medulla
ACTATGCACATACCAA,Inner medulla
ACTATGCACATCAAGT,Cortex
ACTATGCACCAGTTCA,Inner medulla
ACTATGCACCGAAGTA,Inner medulla
ACTATGCACGAACTTA,Inner medulla
ACTATGCACGCATACA,Inner medulla
ACTATGCACTCAATGA,Inner medulla
ACTATGCACTGGCATA,Inner medulla
ACTATGCAGAATCTGA,Inner medulla
ACTATGCAGACTAGTA,Inner medulla
ACTATGCAGAGCTGAA,Inner medulla
ACTATGCAGATAGACA,Inner medulla
ACTATGCAGCCAAGAC,Inner stripe
ACTATGCAGCCACATA,Inner stripe
ACTATGCAGCGAGTAA,Inner stripe
ACTATGCAGCTAACGA,Inner stripe
ACTATGCAGGAGAACA,Inner stripe
ACTATGCAGTACGCAA,Cortex
ACTATGCAGTCGTAGA,Cortex
ACTATGCAGTCTGTCA,Cortex
ACTATGCAGTGTTCTA,Cortex
ACTATGCATAGGATGA,Cortex
AGAGTCAAAACAACCA,Cortex
AGAGTCAAAACCGAGA,Cortex
AGAGTCAAAACGCTTA,Cortex
AGAGTCAAAACGTGAT,Inner stripe
AGAGTCAAAAGACGGA,Cortex
AGAGTCAAAAGGTACA,Cortex
AGAGTCAAACAAGCTA,Cortex
AGAGTCAAACACAGAA,Cortex
AGAGTCAAACAGCAGA,Cortex
AGAGTCAAACCTCCAA,Cortex
AGAGTCAAACGTATCA,Outer stripe
AGAGTCAAACTATGCA,Outer stripe
AGAGTCAAAGAGTCAA,Outer stripe
AGAGTCAAAGCAGGAA,Inner stripe
AGAGTCAAAGTACAAG,Cortex
AGAGTCAAAGTCACTA,Inner stripe
AGAGTCAAATCCTGTA,Inner stripe
AGAGTCAACAACCACA,Inner medulla
AGAGTCAACAAGACTA,Inner medulla
AGAGTCAACAATGGAA,Inner medulla
AGAGTCAACACTTCGA,Inner medulla
AGAGTCAACAGATCTG,Cortex
AGAGTCAACAGCGTTA,Inner medulla
AGAGTCAACATACCAA,Inner medulla
AGAGTCAACATCAAGT,Cortex
AGAGTCAACCAGTTCA,Inner medulla
AGAGTCAACCGAAGTA,Inner medulla
AGAGTCAACGAACTTA,Inner medulla
AGAGTCAACGCATACA,Inner medulla
AGAGTCAACTCAATGA,Inner medulla
AGAGTCAACTGGCATA,Inner medulla
AGAGTCAAGAATCTGA,Inner medulla
AGAGTCAAGACTAGTA,Inner medulla
AGAGTCAAGAGCTGAA,Inner medulla
AGAGTCAAGATAGACA,Inner stripe
AGAGTCAAGCCAAGAC,Inner stripe
AGAGTCAAGCCACATA,Inner stripe
AGAGTCAAGCGAGTAA,Inner stripe
AGAGTCAAGCTAACGA,Inner stripe
AGAGTCAAGGAGAACA,Outer stripe
AGAGTCAAGTACGCAA,Cortex
AGAGTCAAGTCGTAGA,Cortex
AGAGTCAAGTCTGTCA,Cortex
AGAGTCAAGTGTTCTA,Cortex
AGAGTCAATAGGATGA,Cortex
AGATCGCACAACCACA,Cortex
AGATCGCACAAGACTA,Cortex
AGATCGCACAATGGAA,Cortex
AGATCGCACACTTCGA,Cortex
AGATCGCACAGCGTTA,Cortex
AGATCGCACATACCAA,Cortex
AGATCGCACCAGTTCA,Cortex
AGATCGCACCGAAGTA,Cortex
AGATCGCACGAACTTA,Cortex
AGATCGCACGCATACA,Cortex
AGATCGCACTCAATGA,Cortex
AGATCGCACTGGCATA,Cortex
AGATCGCAGAATCTGA,Cortex
AGATCGCAGACTAGTA,Cortex
AGCAGGAAAACAACCA,Cortex
AGCAGGAAAACCGAGA,Cortex
AGCAGGAAAACGCTTA,Cortex
AGCAGGAAAACGTGAT,Inner stripe
AGCAGGAAAAGACGGA,Cortex
AGCAGGAAAAGGTACA,Cortex
AGCAGGAAACAAGCTA,Cortex
AGCAGGAAACACAGAA,Cortex
AGCAGGAAACAGCAGA,Outer stripe
AGCAGGAAACATTGGC,Cortex
AGCAGGAAACCACTGT,Cortex
AGCAGGAAACCTCCAA,Outer stripe
AGCAGGAAACGTATCA,Outer stripe
AGCAGGAAACTATGCA,Inner stripe
AGCAGGAAAGAGTCAA,Inner stripe
AGCAGGAAAGCAGGAA,Inner stripe
AGCAGGAAAGTACAAG,Cortex
AGCAGGAAAGTCACTA,Inner medulla
AGCAGGAAATCCTGTA,Inner medulla
AGCAGGAACAACCACA,Inner medulla
AGCAGGAACAAGACTA,Inner medulla
AGCAGGAACAATGGAA,Inner medulla
AGCAGGAACACTTCGA,Inner medulla
AGCAGGAACAGATCTG,Cortex
AGCAGGAACAGCGTTA,Inner medulla
AGCAGGAACATACCAA,Inner medulla
AGCAGGAACATCAAGT,Cortex
AGCAGGAACCAGTTCA,Inner medulla
AGCAGGAACCGAAGTA,Inner medulla
AGCAGGAACGAACTTA,Inner medulla
AGCAGGAACGCATACA,Inner medulla
AGCAGGAACTCAATGA,Inner medulla
AGCAGGAACTGGCATA,Inner medulla
AGCAGGAAGAATCTGA,Inner medulla
AGCAGGAAGACTAGTA,Inner medulla
AGCAGGAAGAGCTGAA,Inner medulla
AGCAGGAAGATAGACA,Inner stripe
AGCAGGAAGCCAAGAC,Inner medulla
AGCAGGAAGCCACATA,Inner stripe
AGCAGGAAGCGAGTAA,Inner stripe
AGCAGGAAGCTAACGA,Inner stripe
AGCAGGAAGGAGAACA,Inner stripe
AGCAGGAAGTACGCAA,Outer stripe
AGCAGGAAGTCGTAGA,Cortex
AGCAGGAAGTCTGTCA,Cortex
AGCAGGAAGTGTTCTA,Cortex
AGCAGGAATAGGATGA,Cortex
AGTACAAGAACGTGAT,Cortex
AGTACAAGAAGGTACA,Cortex
AGTACAAGACACAGAA,Cortex
AGTACAAGACAGCAGA,Cortex
AGTACAAGACCTCCAA,Cortex
AGTACAAGACGTATCA,Cortex
AGTACAAGACTATGCA,Cortex
AGTACAAGAGAGTCAA,Cortex
AGTACAAGAGCAGGAA,Cortex
AGTACAAGAGTCACTA,Cortex
AGTACAAGATCCTGTA,Cortex
AGTACAAGCAACCACA,Cortex
AGTACAAGCAAGACTA,Cortex
AGTACAAGCAATGGAA,Cortex
AGTACAAGCACTTCGA,Cortex
AGTACAAGCAGCGTTA,Outer stripe
AGTACAAGCATACCAA,Cortex
AGTACAAGCCAGTTCA,Cortex
AGTACAAGCCGAAGTA,Outer stripe
AGTACAAGCGAACTTA,Cortex
AGTACAAGCGCATACA,Cortex
AGTACAAGCTCAATGA,Cortex
AGTACAAGCTGGCATA,Cortex
AGTACAAGGAATCTGA,Cortex
AGTACAAGGACTAGTA,Cortex
AGTACAAGGAGCTGAA,Cortex
AGTACAAGGATAGACA,Cortex
AGTACAAGGCCAAGAC,Cortex
AGTACAAGGCCACATA,Cortex
AGTACAAGGCGAGTAA,Cortex
AGTACAAGGCTAACGA,Cortex
AGTACAAGGGAGAACA,Cortex
AGTACAAGGTACGCAA,Cortex
AGTACAAGGTCGTAGA,Cortex
AGTACAAGGTCTGTCA,Cortex
AGTACAAGGTGTTCTA,Cortex
AGTACAAGTAGGATGA,Cortex
AGTCACTAAACAACCA,Cortex
AGTCACTAAACCGAGA,Cortex
AGTCACTAAACGCTTA,Cortex
AGTCACTAAACGTGAT,Inner stripe
AGTCACTAAAGACGGA,Cortex
AGTCACTAAAGGTACA,Cortex
AGTCACTAACAAGCTA,Cortex
AGTCACTAACACAGAA,Outer stripe
AGTCACTAACAGCAGA,Outer stripe
AGTCACTAACATTGGC,Cortex
AGTCACTAACCACTGT,Cortex
AGTCACTAACCTCCAA,Outer stripe
AGTCACTAACGTATCA,Inner stripe
AGTCACTAACTATGCA,Inner stripe
AGTCACTAAGAGTCAA,Inner stripe
AGTCACTAAGCAGGAA,Inner stripe
AGTCACTAAGTACAAG,Cortex
AGTCACTAAGTCACTA,Inner medulla
AGTCACTAATCCTGTA,Inner medulla
AGTCACTACAACCACA,Inner medulla
AGTCACTACAAGACTA,Inner medulla
AGTCACTACAATGGAA,Inner medulla
AGTCACTACACTTCGA,Inner medulla
AGTCACTACAGATCTG,Cortex
AGTCACTACAGCGTTA,Inner medulla
AGTCACTACATACCAA,Inner medulla
AGTCACTACATCAAGT,Cortex
AGTCACTACCAGTTCA,Inner medulla
AGTCACTACCGAAGTA,Inner medulla
AGTCACTACGAACTTA,Inner medulla
AGTCACTACGCATACA,Inner medulla
AGTCACTACTCAATGA,Inner medulla
AGTCACTACTGGCATA,Inner medulla
AGTCACTAGAATCTGA,Inner medulla
AGTCACTAGACTAGTA,Inner medulla
AGTCACTAGAGCTGAA,Inner medulla
AGTCACTAGATAGACA,Inner medulla
AGTCACTAGCCAAGAC,Inner medulla
AGTCACTAGCCACATA,Inner stripe
AGTCACTAGCGAGTAA,Inner stripe
AGTCACTAGCTAACGA,Inner stripe
AGTCACTAGGAGAACA,Inner stripe
AGTCACTAGTACGCAA,Outer stripe
AGTCACTAGTCGTAGA,Cortex
AGTCACTAGTCTGTCA,Cortex
AGTCACTAGTGTTCTA,Cortex
AGTCACTATAGGATGA,Cortex
AGTGGTCAAGCAGGAA,Cortex
AGTGGTCAAGTCACTA,Cortex
AGTGGTCAATCCTGTA,Cortex
AGTGGTCACAACCACA,Cortex
AGTGGTCACAAGACTA,Cortex
AGTGGTCACAATGGAA,Cortex
AGTGGTCACACTTCGA,Cortex
AGTGGTCACAGCGTTA,Cortex
AGTGGTCACATACCAA,Cortex
AGTGGTCACCAGTTCA,Cortex
AGTGGTCACCGAAGTA,Cortex
AGTGGTCACGAACTTA,Cortex
AGTGGTCACGCATACA,Cortex
AGTGGTCACTCAATGA,Cortex
AGTGGTCACTGGCATA,Cortex
AGTGGTCAGAATCTGA,Cortex
AGTGGTCAGACTAGTA,Cortex
AGTGGTCAGAGCTGAA,Cortex
AGTGGTCAGATAGACA,Cortex
AGTGGTCAGCCAAGAC,Cortex
AGTGGTCAGCCACATA,Cortex
AGTGGTCAGCGAGTAA,Cortex
AGTGGTCAGCTAACGA,Cortex
ATCCTGTAAACAACCA,Cortex
ATCCTGTAAACCGAGA,Cortex
ATCCTGTAAACGCTTA,Cortex
ATCCTGTAAACGTGAT,Inner stripe
ATCCTGTAAAGACGGA,Cortex
ATCCTGTAAAGGTACA,Cortex
ATCCTGTAACAAGCTA,Cortex
ATCCTGTAACACAGAA,Outer stripe
ATCCTGTAACAGCAGA,Outer stripe
ATCCTGTAACATTGGC,Cortex
ATCCTGTAACCACTGT,Cortex
ATCCTGTAACCTCCAA,Inner stripe
ATCCTGTAACGTATCA,Inner stripe
ATCCTGTAACTATGCA,Inner stripe
ATCCTGTAAGAGTCAA,Inner stripe
ATCCTGTAAGCAGGAA,Inner medulla
ATCCTGTAAGTACAAG,Cortex
ATCCTGTAAGTCACTA,Inner medulla
ATCCTGTAAGTGGTCA,Cortex
ATCCTGTAATCCTGTA,Inner medulla
ATCCTGTACAACCACA,Inner medulla
ATCCTGTACAAGACTA,Inner medulla
ATCCTGTACAATGGAA,Inner medulla
ATCCTGTACACTTCGA,Inner medulla
ATCCTGTACAGATCTG,Cortex
ATCCTGTACAGCGTTA,Inner medulla
ATCCTGTACATACCAA,Inner medulla
ATCCTGTACATCAAGT,Cortex
ATCCTGTACCAGTTCA,Inner medulla
ATCCTGTACCGAAGTA,Inner medulla
ATCCTGTACGAACTTA,Inner medulla
ATCCTGTACGCATACA,Inner medulla
ATCCTGTACTCAATGA,Inner medulla
ATCCTGTACTGGCATA,Inner medulla
ATCCTGTAGAATCTGA,Inner medulla
ATCCTGTAGACTAGTA,Inner medulla
ATCCTGTAGAGCTGAA,Inner medulla
ATCCTGTAGATAGACA,Inner medulla
ATCCTGTAGCCAAGAC,Inner medulla
ATCCTGTAGCCACATA,Inner medulla
ATCCTGTAGCGAGTAA,Inner medulla
ATCCTGTAGCTAACGA,Inner stripe
ATCCTGTAGGAGAACA,Inner stripe
ATCCTGTAGTACGCAA,Outer stripe
ATCCTGTAGTCGTAGA,Cortex
ATCCTGTAGTCTGTCA,Cortex
ATCCTGTAGTGTTCTA,Cortex
ATCCTGTATAGGATGA,Cortex
ATGCCTAAATCCTGTA,Cortex
ATGCCTAACAACCACA,Cortex
ATGCCTAACAAGACTA,Cortex
ATGCCTAACAATGGAA,Cortex
ATGCCTAACACTTCGA,Cortex
ATGCCTAACAGCGTTA,Cortex
ATGCCTAACATACCAA,Cortex
ATGCCTAACCAGTTCA,Cortex
ATGCCTAACCGAAGTA,Cortex
ATGCCTAACGAACTTA,Cortex
ATGCCTAACGCATACA,Cortex
ATGCCTAACTCAATGA,Cortex
ATGCCTAACTGGCATA,Cortex
ATGCCTAAGAATCTGA,Cortex
ATGCCTAAGACTAGTA,Cortex
ATGCCTAAGAGCTGAA,Cortex
ATGCCTAAGATAGACA,Cortex
ATGCCTAAGCCAAGAC,Cortex
CAACCACAAACAACCA,Cortex
CAACCACAAACCGAGA,Cortex
CAACCACAAACGCTTA,Cortex
CAACCACAAACGTGAT,Inner medulla
CAACCACAAAGACGGA,Cortex
CAACCACAAAGGTACA,Cortex
CAACCACAACAAGCTA,Cortex
CAACCACAACACAGAA,Inner stripe
CAACCACAACAGCAGA,Inner stripe
CAACCACAACATTGGC,Cortex
CAACCACAACCACTGT,Cortex
CAACCACAACCTCCAA,Outer stripe
CAACCACAACGTATCA,Inner stripe
CAACCACAACTATGCA,Inner stripe
CAACCACAAGAGTCAA,Inner medulla
CAACCACAAGCAGGAA,Inner medulla
CAACCACAAGTACAAG,Cortex
CAACCACAAGTCACTA,Inner medulla
CAACCACAAGTGGTCA,Cortex
CAACCACAATCCTGTA,Inner medulla
CAACCACAATGCCTAA,Cortex
CAACCACACAACCACA,Inner medulla
CAACCACACAAGACTA,Inner medulla
CAACCACACAATGGAA,Inner medulla
CAACCACACACTTCGA,Inner medulla
CAACCACACAGATCTG,Cortex
CAACCACACAGCGTTA,Inner medulla
CAACCACACATACCAA,Inner medulla
CAACCACACATCAAGT,Cortex
CAACCACACCAGTTCA,Inner medulla
CAACCACACCGAAGTA,Inner medulla
CAACCACACGAACTTA,Inner medulla
CAACCACACGCATACA,Inner medulla
CAACCACACTCAATGA,Inner medulla
CAACCACACTGGCATA,Inner medulla
CAACCACAGAATCTGA,Inner medulla
CAACCACAGACTAGTA,Inner medulla
CAACCACAGAGCTGAA,Inner medulla
CAACCACAGATAGACA,Inner medulla
CAACCACAGCCAAGAC,Inner medulla
CAACCACAGCCACATA,Inner stripe
CAACCACAGCGAGTAA,Inner stripe
CAACCACAGCTAACGA,Inner stripe
CAACCACAGGAGAACA,Inner stripe
CAACCACAGTACGCAA,Cortex
CAACCACAGTCGTAGA,Cortex
CAACCACAGTCTGTCA,Cortex
CAACCACAGTGTTCTA,Cortex
CAACCACATAGGATGA,Cortex
CAAGACTAAACAACCA,Outer stripe
CAAGACTAAACCGAGA,Outer stripe
CAAGACTAAACGCTTA,Inner stripe
CAAGACTAAACGTGAT,Inner medulla
CAAGACTAAAGACGGA,Outer stripe
CAAGACTAAAGGTACA,Inner stripe
CAAGACTAACAAGCTA,Cortex
CAAGACTAACACAGAA,Inner stripe
CAAGACTAACAGCAGA,Inner stripe
CAAGACTAACATTGGC,Cortex
CAAGACTAACCACTGT,Cortex
CAAGACTAACCTCCAA,Outer stripe
CAAGACTAACGTATCA,Inner medulla
CAAGACTAACTATGCA,Inner medulla
CAAGACTAAGAGTCAA,Inner medulla
CAAGACTAAGATCGCA,Cortex
CAAGACTAAGCAGGAA,Inner medulla
CAAGACTAAGTACAAG,Cortex
CAAGACTAAGTCACTA,Inner medulla
CAAGACTAAGTGGTCA,Cortex
CAAGACTAATCCTGTA,Inner medulla
CAAGACTAATGCCTAA,Cortex
CAAGACTACAACCACA,Inner medulla
CAAGACTACAATGGAA,Inner medulla
CAAGACTACACTTCGA,Renal pelvis
CAAGACTACAGATCTG,Cortex
CAAGACTACAGCGTTA,Renal pelvis
CAAGACTACATACCAA,Renal pelvis
CAAGACTACATCAAGT,Cortex
CAAGACTACCAGTTCA,Renal pelvis
CAAGACTACCGAAGTA,Renal pelvis
CAAGACTACGAACTTA,Renal pelvis
CAAGACTACGCATACA,Renal pelvis
CAAGACTACTCAATGA,Renal pelvis
CAAGACTACTGGCATA,Renal pelvis
CAAGACTAGACTAGTA,Renal pelvis
CAAGACTAGCCAAGAC,Inner medulla
CAATGGAAAACAACCA,Cortex
CAATGGAAAACCGAGA,Cortex
CAATGGAAAACGCTTA,Cortex
CAATGGAAAACGTGAT,Inner medulla
CAATGGAAAAGACGGA,Outer stripe
CAATGGAAAAGGTACA,Outer stripe
CAATGGAAACAAGCTA,Cortex
CAATGGAAACACAGAA,Outer stripe
CAATGGAAACAGCAGA,Inner stripe
CAATGGAAACATTGGC,Cortex
CAATGGAAACCACTGT,Cortex
CAATGGAAACCTCCAA,Inner stripe
CAATGGAAACGTATCA,Inner medulla
CAATGGAAACTATGCA,Inner stripe
CAATGGAAAGAGTCAA,Inner medulla
CAATGGAAAGATCGCA,Cortex
CAATGGAAAGCAGGAA,Inner medulla
CAATGGAAAGTACAAG,Cortex
CAATGGAAAGTCACTA,Inner medulla
CAATGGAAAGTGGTCA,Cortex
CAATGGAAATCCTGTA,Inner medulla
CAATGGAAATGCCTAA,Cortex
CAATGGAACAACCACA,Inner medulla
CAATGGAACAAGACTA,Inner medulla
CAATGGAACAATGGAA,Inner medulla
CAATGGAACACTTCGA,Inner medulla
CAATGGAACAGATCTG,Cortex
CAATGGAACAGCGTTA,Inner medulla
CAATGGAACATACCAA,Inner medulla
CAATGGAACATCAAGT,Cortex
CAATGGAACCAGTTCA,Inner medulla
CAATGGAACCGAAGTA,Inner medulla
CAATGGAACGAACTTA,Inner medulla
CAATGGAACGCATACA,Inner medulla
CAATGGAACTCAATGA,Inner medulla
CAATGGAACTGGCATA,Inner medulla
CAATGGAAGAATCTGA,Inner medulla
CAATGGAAGACTAGTA,Inner medulla
CAATGGAAGAGCTGAA,Inner medulla
CAATGGAAGATAGACA,Inner stripe
CAATGGAAGCCAAGAC,Inner medulla
CAATGGAAGCCACATA,Inner stripe
CAATGGAAGCGAGTAA,Inner stripe
CAATGGAAGCTAACGA,Inner stripe
CAATGGAAGGAGAACA,Inner stripe
CAATGGAAGTACGCAA,Outer stripe
CAATGGAAGTCGTAGA,Cortex
CAATGGAAGTCTGTCA,Cortex
CAATGGAAGTGTTCTA,Cortex
CAATGGAATAGGATGA,Cortex
CACTTCGAAACAACCA,Cortex
CACTTCGAAACCGAGA,Cortex
CACTTCGAAACGCTTA,Outer stripe
CACTTCGAAACGTGAT,Inner medulla
CACTTCGAAAGACGGA,Outer stripe
CACTTCGAAAGGTACA,Outer stripe
CACTTCGAACAAGCTA,Cortex
CACTTCGAACACAGAA,Inner stripe
CACTTCGAACAGCAGA,Inner stripe
CACTTCGAACATTGGC,Cortex
CACTTCGAACCACTGT,Cortex
CACTTCGAACCTCCAA,Inner stripe
CACTTCGAACGTATCA,Inner medulla
CACTTCGAACTATGCA,Inner medulla
CACTTCGAAGAGTCAA,Inner medulla
CACTTCGAAGATCGCA,Cortex
CACTTCGAAGCAGGAA,Inner medulla
CACTTCGAAGTACAAG,Cortex
CACTTCGAAGTCACTA,Inner medulla
CACTTCGAAGTGGTCA,Cortex
CACTTCGAATCCTGTA,Inner medulla
CACTTCGAATGCCTAA,Cortex
CACTTCGACAACCACA,Inner medulla
CACTTCGACAAGACTA,Inner medulla
CACTTCGACAATGGAA,Inner medulla
CACTTCGACACTTCGA,Inner medulla
CACTTCGACAGATCTG,Cortex
CACTTCGACAGCGTTA,Inner medulla
CACTTCGACATACCAA,Inner medulla
CACTTCGACATCAAGT,Cortex
CACTTCGACCAGTTCA,Inner medulla
CACTTCGACCGAAGTA,Inner medulla
CACTTCGACGAACTTA,Inner medulla
CACTTCGACGCATACA,Renal pelvis
CACTTCGAGAATCTGA,Renal pelvis
CACTTCGAGACTAGTA,Inner medulla
CACTTCGAGAGCTGAA,Inner stripe
CACTTCGAGATAGACA,Inner stripe
CACTTCGAGCCAAGAC,Inner medulla
CACTTCGAGCCACATA,Inner stripe
CACTTCGAGCGAGTAA,Inner stripe
CACTTCGAGCTAACGA,Inner stripe
CACTTCGAGGAGAACA,Inner stripe
CACTTCGAGTACGCAA,Outer stripe
CACTTCGAGTCGTAGA,Cortex
CACTTCGAGTCTGTCA,Cortex
CACTTCGAGTGTTCTA,Cortex
CACTTCGATAGGATGA,Cortex
CAGATCTGAACGTGAT,Cortex
CAGATCTGACCTCCAA,Cortex
CAGATCTGACGTATCA,Cortex
CAGATCTGACTATGCA,Cortex
CAGATCTGAGAGTCAA,Cortex
CAGATCTGAGCAGGAA,Cortex
CAGATCTGAGTCACTA,Cortex
CAGATCTGATCCTGTA,Cortex
CAGATCTGCAACCACA,Cortex
CAGATCTGCAAGACTA,Cortex
CAGATCTGCAATGGAA,Cortex
CAGATCTGCACTTCGA,Cortex
CAGATCTGCAGCGTTA,Cortex
CAGATCTGCATACCAA,Cortex
CAGATCTGCCAGTTCA,Cortex
CAGATCTGCCGAAGTA,Cortex
CAGATCTGCGAACTTA,Cortex
CAGATCTGCGCATACA,Cortex
CAGATCTGCTCAATGA,Cortex
CAGATCTGCTGGCATA,Cortex
CAGATCTGGAATCTGA,Cortex
CAGATCTGGACTAGTA,Cortex
CAGATCTGGAGCTGAA,Cortex
CAGATCTGGATAGACA,Cortex
CAGATCTGGCCAAGAC,Cortex
CAGATCTGGCCACATA,Cortex
CAGATCTGGCGAGTAA,Cortex
CAGATCTGGCTAACGA,Cortex
CAGATCTGGGAGAACA,Cortex
CAGATCTGGTACGCAA,Cortex
CAGATCTGGTCGTAGA,Cortex
CAGATCTGGTCTGTCA,Cortex
CAGCGTTAAACAACCA,Cortex
CAGCGTTAAACCGAGA,Cortex
CAGCGTTAAACGCTTA,Cortex
CAGCGTTAAACGTGAT,Inner medulla
CAGCGTTAAAGACGGA,Outer stripe
CAGCGTTAAAGGTACA,Inner stripe
CAGCGTTAACAAGCTA,Cortex
CAGCGTTAACACAGAA,Inner stripe
CAGCGTTAACAGCAGA,Inner stripe
CAGCGTTAACATTGGC,Cortex
CAGCGTTAACCACTGT,Cortex
CAGCGTTAACCTCCAA,Inner stripe
CAGCGTTAACGTATCA,Inner stripe
CAGCGTTAACTATGCA,Inner medulla
CAGCGTTAAGAGTCAA,Inner medulla
CAGCGTTAAGATCGCA,Cortex
CAGCGTTAAGCAGGAA,Inner medulla
CAGCGTTAAGTACAAG,Cortex
CAGCGTTAAGTCACTA,Inner medulla
CAGCGTTAAGTGGTCA,Cortex
CAGCGTTAATCCTGTA,Inner medulla
CAGCGTTAATGCCTAA,Cortex
CAGCGTTACAACCACA,Inner medulla
CAGCGTTACAAGACTA,Inner medulla
CAGCGTTACAATGGAA,Inner medulla
CAGCGTTACACTTCGA,Inner medulla
CAGCGTTACAGATCTG,Cortex
CAGCGTTACAGCGTTA,Inner medulla
CAGCGTTACATACCAA,Inner medulla
CAGCGTTACATCAAGT,Cortex
CAGCGTTACCAGTTCA,Inner medulla
CAGCGTTACCGAAGTA,Inner medulla
CAGCGTTACGAACTTA,Inner medulla
CAGCGTTACGCATACA,Renal pelvis
CAGCGTTACTCAATGA,Renal pelvis
CAGCGTTAGACTAGTA,Inner medulla
CAGCGTTAGAGCTGAA,Inner stripe
CAGCGTTAGATAGACA,Inner stripe
CAGCGTTAGCCAAGAC,Inner medulla
CAGCGTTAGCCACATA,Inner stripe
CAGCGTTAGCGAGTAA,Inner stripe
CAGCGTTAGCTAACGA,Inner stripe
CAGCGTTAGGAGAACA,Outer stripe
CAGCGTTAGTACGCAA,Cortex
CAGCGTTAGTCGTAGA,Cortex
CAGCGTTAGTCTGTCA,Cortex
CAGCGTTAGTGTTCTA,Cortex
CAGCGTTATAGGATGA,Cortex
CATACCAAAACAACCA,Cortex
CATACCAAAACCGAGA,Cortex
CATACCAAAACGCTTA,Cortex
CATACCAAAACGTGAT,Inner medulla
CATACCAAAAGACGGA,Outer stripe
CATACCAAAAGGTACA,Inner stripe
CATACCAAACAAGCTA,Cortex
CATACCAAACACAGAA,Inner stripe
CATACCAAACAGCAGA,Inner stripe
CATACCAAACATTGGC,Cortex
CATACCAAACCACTGT,Cortex
CATACCAAACCTCCAA,Inner stripe
CATACCAAACGTATCA,Inner medulla
CATACCAAACTATGCA,Inner medulla
CATACCAAAGAGTCAA,Inner medulla
CATACCAAAGATCGCA,Cortex
CATACCAAAGCAGGAA,Inner medulla
CATACCAAAGTACAAG,Cortex
CATACCAAAGTCACTA,Inner medulla
CATACCAAAGTGGTCA,Cortex
CATACCAAATCCTGTA,Inner medulla
CATACCAAATGCCTAA,Cortex
CATACCAACAACCACA,Inner medulla
CATACCAACAAGACTA,Inner medulla
CATACCAACAATGGAA,Inner medulla
CATACCAACACTTCGA,Inner medulla
CATACCAACAGATCTG,Cortex
CATACCAACAGCGTTA,Inner medulla
CATACCAACATACCAA,Inner medulla
CATACCAACATCAAGT,Cortex
CATACCAACCAGTTCA,Renal pelvis
CATACCAACCGAAGTA,Inner medulla
CATACCAACGAACTTA,Inner medulla
CATACCAACGCATACA,Renal pelvis
CATACCAACTCAATGA,Outer stripe
CATACCAACTGGCATA,Outer stripe
CATACCAAGACTAGTA,Inner medulla
CATACCAAGAGCTGAA,Inner stripe
CATACCAAGATAGACA,Inner stripe
CATACCAAGCCAAGAC,Inner medulla
CATACCAAGCCACATA,Inner stripe
CATACCAAGCGAGTAA,Inner stripe
CATACCAAGCTAACGA,Outer stripe
CATACCAAGGAGAACA,Outer stripe
CATACCAAGTACGCAA,Cortex
CATACCAAGTCGTAGA,Cortex
CATACCAAGTCTGTCA,Cortex
CATACCAAGTGTTCTA,Cortex
CATACCAATAGGATGA,Cortex
CATCAAGTAACGTGAT,Cortex
CATCAAGTACAGCAGA,Cortex
CATCAAGTACCTCCAA,Cortex
CATCAAGTACGTATCA,Cortex
CATCAAGTACTATGCA,Cortex
CATCAAGTAGAGTCAA,Cortex
CATCAAGTAGCAGGAA,Cortex
CATCAAGTAGTCACTA,Cortex
CATCAAGTATCCTGTA,Cortex
CATCAAGTCAACCACA,Cortex
CATCAAGTCAAGACTA,Cortex
CATCAAGTCAATGGAA,Cortex
CATCAAGTCACTTCGA,Cortex
CATCAAGTCAGCGTTA,Cortex
CATCAAGTCATACCAA,Cortex
CATCAAGTCCAGTTCA,Cortex
CATCAAGTCCGAAGTA,Cortex
CATCAAGTCGAACTTA,Cortex
CATCAAGTCGCATACA,Cortex
CATCAAGTCTCAATGA,Cortex
CATCAAGTCTGGCATA,Cortex
CATCAAGTGAATCTGA,Cortex
CATCAAGTGACTAGTA,Cortex
CATCAAGTGAGCTGAA,Cortex
CATCAAGTGATAGACA,Cortex
CATCAAGTGCCAAGAC,Cortex
CATCAAGTGCCACATA,Cortex
CATCAAGTGCGAGTAA,Cortex
CATCAAGTGCTAACGA,Cortex
CATCAAGTGGAGAACA,Cortex
CATCAAGTGTACGCAA,Cortex
CATCAAGTGTCGTAGA,Cortex
CATCAAGTGTCTGTCA,Cortex
CCAGTTCAAACAACCA,Cortex
CCAGTTCAAACCGAGA,Cortex
CCAGTTCAAACGCTTA,Outer stripe
CCAGTTCAAACGTGAT,Inner medulla
CCAGTTCAAAGACGGA,Inner stripe
CCAGTTCAAAGGTACA,Inner stripe
CCAGTTCAACAAGCTA,Cortex
CCAGTTCAACACAGAA,Inner stripe
CCAGTTCAACAGCAGA,Inner stripe
CCAGTTCAACATTGGC,Cortex
CCAGTTCAACCACTGT,Cortex
CCAGTTCAACCTCCAA,Inner stripe
CCAGTTCAACGTATCA,Inner medulla
CCAGTTCAACTATGCA,Inner medulla
CCAGTTCAAGAGTCAA,Inner medulla
CCAGTTCAAGATCGCA,Cortex
CCAGTTCAAGCAGGAA,Inner medulla
CCAGTTCAAGTACAAG,Cortex
CCAGTTCAAGTCACTA,Inner medulla
CCAGTTCAAGTGGTCA,Cortex
CCAGTTCAATCCTGTA,Inner medulla
CCAGTTCAATGCCTAA,Cortex
CCAGTTCACAACCACA,Inner medulla
CCAGTTCACAATGGAA,Inner medulla
CCAGTTCACACTTCGA,Inner medulla
CCAGTTCACAGATCTG,Cortex
CCAGTTCACAGCGTTA,Inner medulla
CCAGTTCACATACCAA,Inner medulla
CCAGTTCACATCAAGT,Cortex
CCAGTTCACCAGTTCA,Renal pelvis
CCAGTTCACCGAAGTA,Renal pelvis
CCAGTTCACGAACTTA,Renal pelvis
CCAGTTCACGCATACA,Renal pelvis
CCAGTTCACTCAATGA,Inner stripe
CCAGTTCACTGGCATA,Inner stripe
CCAGTTCAGAATCTGA,Inner stripe
CCAGTTCAGACTAGTA,Inner medulla
CCAGTTCAGAGCTGAA,Outer stripe
CCAGTTCAGATAGACA,Outer stripe
CCAGTTCAGCCAAGAC,Inner medulla
CCAGTTCAGCCACATA,Inner stripe
CCAGTTCAGCGAGTAA,Inner stripe
CCAGTTCAGCTAACGA,Outer stripe
CCAGTTCAGGAGAACA,Cortex
CCAGTTCAGTACGCAA,Cortex
CCAGTTCAGTCGTAGA,Cortex
CCAGTTCAGTCTGTCA,Cortex
CCAGTTCAGTGTTCTA,Cortex
CCAGTTCATAGGATGA,Cortex
CCGAAGTAAACAACCA,Cortex
CCGAAGTAAACCGAGA,Outer stripe
CCGAAGTAAACGCTTA,Outer stripe
CCGAAGTAAACGTGAT,Inner medulla
CCGAAGTAAAGACGGA,Outer stripe
CCGAAGTAAAGGTACA,Inner stripe
CCGAAGTAACAAGCTA,Cortex
CCGAAGTAACACAGAA,Inner stripe
CCGAAGTAACAGCAGA,Inner stripe
CCGAAGTAACATTGGC,Cortex
CCGAAGTAACCACTGT,Cortex
CCGAAGTAACCTCCAA,Inner medulla
CCGAAGTAACGTATCA,Inner medulla
CCGAAGTAACTATGCA,Inner medulla
CCGAAGTAAGAGTCAA,Inner medulla
CCGAAGTAAGATCGCA,Cortex
CCGAAGTAAGCAGGAA,Inner medulla
CCGAAGTAAGTACAAG,Cortex
CCGAAGTAAGTCACTA,Inner medulla
CCGAAGTAAGTGGTCA,Cortex
CCGAAGTAATCCTGTA,Inner medulla
CCGAAGTAATGCCTAA,Cortex
CCGAAGTACAACCACA,Inner medulla
CCGAAGTACAAGACTA,Inner stripe
CCGAAGTACAATGGAA,Inner medulla
CCGAAGTACACTTCGA,Inner medulla
CCGAAGTACAGATCTG,Cortex
CCGAAGTACAGCGTTA,Inner medulla
CCGAAGTACATACCAA,Inner medulla
CCGAAGTACATCAAGT,Cortex
CCGAAGTACCAGTTCA,Inner medulla
CCGAAGTACCGAAGTA,Renal pelvis
CCGAAGTACGAACTTA,Renal pelvis
CCGAAGTACGCATACA,Inner medulla
CCGAAGTACTCAATGA,Inner stripe
CCGAAGTACTGGCATA,Inner stripe
CCGAAGTAGAATCTGA,Inner stripe
CCGAAGTAGACTAGTA,Inner medulla
CCGAAGTAGATAGACA,Cortex
CCGAAGTAGCCAAGAC,Inner medulla
CCGAAGTAGCCACATA,Outer stripe
CCGAAGTAGCGAGTAA,Inner stripe
CCGAAGTAGCTAACGA,Outer stripe
CCGAAGTAGGAGAACA,Cortex
CCGAAGTAGTACGCAA,Cortex
CCGAAGTAGTCGTAGA,Cortex
CCGAAGTAGTCTGTCA,Cortex
CCGAAGTAGTGTTCTA,Cortex
CGAACTTAAACAACCA,Cortex
CGAACTTAAACCGAGA,Outer stripe
CGAACTTAAACGCTTA,Outer stripe
CGAACTTAAACGTGAT,Inner medulla
CGAACTTAAAGACGGA,Inner stripe
CGAACTTAAAGGTACA,Inner stripe
CGAACTTAACAAGCTA,Cortex
CGAACTTAACACAGAA,Inner stripe
CGAACTTAACAGCAGA,Inner stripe
CGAACTTAACATTGGC,Cortex
CGAACTTAACCACTGT,Cortex
CGAACTTAACCTCCAA,Inner stripe
CGAACTTAACGTATCA,Inner medulla
CGAACTTAACTATGCA,Inner medulla
CGAACTTAAGAGTCAA,Inner medulla
CGAACTTAAGATCGCA,Cortex
CGAACTTAAGCAGGAA,Inner medulla
CGAACTTAAGTACAAG,Cortex
CGAACTTAAGTCACTA,Inner medulla
CGAACTTAAGTGGTCA,Cortex
CGAACTTAATCCTGTA,Inner medulla
CGAACTTAATGCCTAA,Cortex
CGAACTTACAACCACA,Inner medulla
CGAACTTACAAGACTA,Inner stripe
CGAACTTACAATGGAA,Inner medulla
CGAACTTACACTTCGA,Inner medulla
CGAACTTACAGATCTG,Cortex
CGAACTTACAGCGTTA,Inner medulla
CGAACTTACATACCAA,Inner medulla
CGAACTTACATCAAGT,Cortex
CGAACTTACCAGTTCA,Inner medulla
CGAACTTACCGAAGTA,Renal pelvis
CGAACTTACGAACTTA,Renal pelvis
CGAACTTACGCATACA,Inner medulla
CGAACTTACTCAATGA,Inner medulla
CGAACTTACTGGCATA,Inner medulla
CGAACTTAGAATCTGA,Inner stripe
CGAACTTAGACTAGTA,Inner medulla
CGAACTTAGAGCTGAA,Outer stripe
CGAACTTAGCCAAGAC,Inner medulla
CGAACTTAGCCACATA,Cortex
CGAACTTAGCGAGTAA,Outer stripe
CGAACTTAGCTAACGA,Cortex
CGAACTTAGGAGAACA,Cortex
CGAACTTAGTACGCAA,Cortex
CGAACTTAGTCGTAGA,Cortex
CGAACTTAGTCTGTCA,Cortex
CGCATACAAACAACCA,Cortex
CGCATACAAACCGAGA,Cortex
CGCATACAAACGCTTA,Outer stripe
CGCATACAAACGTGAT,Inner medulla
CGCATACAAAGACGGA,Inner stripe
CGCATACAAAGGTACA,Inner stripe
CGCATACAACAAGCTA,Cortex
CGCATACAACACAGAA,Inner stripe
CGCATACAACAGCAGA,Inner stripe
CGCATACAACATTGGC,Cortex
CGCATACAACCACTGT,Cortex
CGCATACAACCTCCAA,Inner medulla
CGCATACAACGTATCA,Inner medulla
CGCATACAACTATGCA,Inner medulla
CGCATACAAGAGTCAA,Inner medulla
CGCATACAAGATCGCA,Cortex
CGCATACAAGCAGGAA,Inner medulla
CGCATACAAGTACAAG,Cortex
CGCATACAAGTCACTA,Inner medulla
CGCATACAAGTGGTCA,Cortex
CGCATACAATCCTGTA,Inner medulla
CGCATACAATGCCTAA,Cortex
CGCATACACAACCACA,Inner medulla
CGCATACACAAGACTA,Inner stripe
CGCATACACAATGGAA,Inner medulla
CGCATACACACTTCGA,Inner medulla
CGCATACACAGATCTG,Cortex
CGCATACACAGCGTTA,Inner medulla
CGCATACACATACCAA,Renal pelvis
CGCATACACATCAAGT,Cortex
CGCATACACCAGTTCA,Renal pelvis
CGCATACACCGAAGTA,Renal pelvis
CGCATACACGAACTTA,Renal pelvis
CGCATACACGCATACA,Inner medulla
CGCATACACTCAATGA,Inner stripe
CGCATACACTGGCATA,Inner stripe
CGCATACAGAATCTGA,Inner stripe
CGCATACAGACTAGTA,Inner medulla
CGCATACAGAGCTGAA,Outer stripe
CGCATACAGCCAAGAC,Inner medulla
CGCATACAGCGAGTAA,Cortex
CGCATACAGCTAACGA,Cortex
CGCATACAGGAGAACA,Cortex
CGCATACAGTACGCAA,Cortex
CGCATACAGTCGTAGA,Cortex
CTCAATGAAACAACCA,Cortex
CTCAATGAAACCGAGA,Cortex
CTCAATGAAACGCTTA,Cortex
CTCAATGAAACGTGAT,Inner medulla
CTCAATGAAAGACGGA,Outer stripe
CTCAATGAAAGGTACA,Outer stripe
CTCAATGAACAAGCTA,Cortex
CTCAATGAACACAGAA,Outer stripe
CTCAATGAACAGCAGA,Inner stripe
CTCAATGAACATTGGC,Cortex
CTCAATGAACCACTGT,Cortex
CTCAATGAACCTCCAA,Inner stripe
CTCAATGAACGTATCA,Inner medulla
CTCAATGAACTATGCA,Inner medulla
CTCAATGAAGAGTCAA,Inner medulla
CTCAATGAAGATCGCA,Cortex
CTCAATGAAGCAGGAA,Inner medulla
CTCAATGAAGTACAAG,Cortex
CTCAATGAAGTCACTA,Inner medulla
CTCAATGAAGTGGTCA,Cortex
CTCAATGAATCCTGTA,Inner medulla
CTCAATGAATGCCTAA,Cortex
CTCAATGACAACCACA,Inner medulla
CTCAATGACAAGACTA,Inner stripe
CTCAATGACAATGGAA,Inner medulla
CTCAATGACACTTCGA,Inner medulla
CTCAATGACAGATCTG,Cortex
CTCAATGACAGCGTTA,Renal pelvis
CTCAATGACATACCAA,Renal pelvis
CTCAATGACATCAAGT,Cortex
CTCAATGACCAGTTCA,Renal pelvis
CTCAATGACCGAAGTA,Renal pelvis
CTCAATGACGAACTTA,Renal pelvis
CTCAATGACGCATACA,Renal pelvis
CTCAATGACTCAATGA,Outer stripe
CTCAATGACTGGCATA,Outer stripe
CTCAATGAGAATCTGA,Inner stripe
CTCAATGAGACTAGTA,Inner medulla
CTCAATGAGAGCTGAA,Outer stripe
CTCAATGAGCCAAGAC,Inner medulla
CTCAATGAGCTAACGA,Cortex
CTCAATGAGGAGAACA,Cortex
CTCAATGAGTACGCAA,Cortex
CTCAATGAGTCGTAGA,Cortex
CTGGCATAAACAACCA,Cortex
CTGGCATAAACCGAGA,Outer stripe
CTGGCATAAACGCTTA,Outer stripe
CTGGCATAAACGTGAT,Inner medulla
CTGGCATAAAGACGGA,Outer stripe
CTGGCATAAAGGTACA,Inner stripe
CTGGCATAACAAGCTA,Cortex
CTGGCATAACACAGAA,Inner stripe
CTGGCATAACAGCAGA,Inner stripe
CTGGCATAACATTGGC,Cortex
CTGGCATAACCACTGT,Cortex
CTGGCATAACCTCCAA,Inner stripe
CTGGCATAACGTATCA,Inner medulla
CTGGCATAACTATGCA,Inner medulla
CTGGCATAAGAGTCAA,Inner medulla
CTGGCATAAGATCGCA,Cortex
CTGGCATAAGCAGGAA,Inner medulla
CTGGCATAAGTACAAG,Cortex
CTGGCATAAGTCACTA,Inner medulla
CTGGCATAAGTGGTCA,Cortex
CTGGCATAATCCTGTA,Inner medulla
CTGGCATAATGCCTAA,Cortex
CTGGCATACAACCACA,Inner medulla
CTGGCATACAAGACTA,Cortex
CTGGCATACAATGGAA,Inner medulla
CTGGCATACACTTCGA,Renal pelvis
CTGGCATACAGATCTG,Cortex
CTGGCATACAGCGTTA,Renal pelvis
CTGGCATACATACCAA,Renal pelvis
CTGGCATACATCAAGT,Cortex
CTGGCATACCAGTTCA,Renal pelvis
CTGGCATACCGAAGTA,Renal pelvis
CTGGCATACGCATACA,Renal pelvis
CTGGCATACTCAATGA,Renal pelvis
CTGGCATACTGGCATA,Renal pelvis
CTGGCATAGAATCTGA,Cortex
CTGGCATAGACTAGTA,Inner medulla
CTGGCATAGAGCTGAA,Cortex
CTGGCATAGCCAAGAC,Inner medulla
CTGGCATAGCTAACGA,Cortex
CTGGCATAGGAGAACA,Cortex
CTGGCATAGTACGCAA,Cortex
GAATCTGAAACAACCA,Cortex
GAATCTGAAACCGAGA,Outer stripe
GAATCTGAAACGCTTA,Outer stripe
GAATCTGAAACGTGAT,Inner medulla
GAATCTGAAAGACGGA,Inner stripe
GAATCTGAAAGGTACA,Inner stripe
GAATCTGAACAAGCTA,Cortex
GAATCTGAACACAGAA,Inner stripe
GAATCTGAACAGCAGA,Inner stripe
GAATCTGAACATTGGC,Cortex
GAATCTGAACCACTGT,Cortex
GAATCTGAACCTCCAA,Inner stripe
GAATCTGAACGTATCA,Outer stripe
GAATCTGAACTATGCA,Inner medulla
GAATCTGAAGAGTCAA,Inner medulla
GAATCTGAAGATCGCA,Cortex
GAATCTGAAGCAGGAA,Inner medulla
GAATCTGAAGTACAAG,Cortex
GAATCTGAAGTCACTA,Inner medulla
GAATCTGAAGTGGTCA,Cortex
GAATCTGAATCCTGTA,Inner medulla
GAATCTGAATGCCTAA,Cortex
GAATCTGACAACCACA,Inner medulla
GAATCTGACAATGGAA,Renal pelvis
GAATCTGACACTTCGA,Renal pelvis
GAATCTGACAGATCTG,Cortex
GAATCTGACAGCGTTA,Renal pelvis
GAATCTGACATACCAA,Renal pelvis
GAATCTGACATCAAGT,Cortex
GAATCTGACCAGTTCA,Renal pelvis
GAATCTGACCGAAGTA,Renal pelvis
GAATCTGACGCATACA,Renal pelvis
GAATCTGACTCAATGA,Renal pelvis
GAATCTGACTGGCATA,Renal pelvis
GAATCTGAGACTAGTA,Inner medulla
GAATCTGAGCCAAGAC,Inner medulla
GAATCTGAGGAGAACA,Cortex
GACTAGTAAACAACCA,Cortex
GACTAGTAAACCGAGA,Cortex
GACTAGTAAACGCTTA,Cortex
GACTAGTAAACGTGAT,Inner medulla
GACTAGTAAAGACGGA,Cortex
GACTAGTAAAGGTACA,Outer stripe
GACTAGTAACAAGCTA,Cortex
GACTAGTAACACAGAA,Outer stripe
GACTAGTAACAGCAGA,Inner stripe
GACTAGTAACATTGGC,Cortex
GACTAGTAACCACTGT,Cortex
GACTAGTAACCTCCAA,Inner stripe
GACTAGTAACGTATCA,Inner stripe
GACTAGTAACTATGCA,Inner stripe
GACTAGTAAGAGTCAA,Inner medulla
GACTAGTAAGCAGGAA,Inner medulla
GACTAGTAAGTACAAG,Cortex
GACTAGTAAGTCACTA,Inner medulla
GACTAGTAAGTGGTCA,Cortex
GACTAGTAATCCTGTA,Inner medulla
GACTAGTAATGCCTAA,Cortex
GACTAGTACAACCACA,Inner medulla
GACTAGTACAAGACTA,Inner medulla
GACTAGTACAATGGAA,Inner medulla
GACTAGTACACTTCGA,Inner medulla
GACTAGTACAGATCTG,Cortex
GACTAGTACAGCGTTA,Inner medulla
GACTAGTACATACCAA,Inner medulla
GACTAGTACATCAAGT,Cortex
GACTAGTACCAGTTCA,Inner medulla
GACTAGTACCGAAGTA,Inner medulla
GACTAGTACGAACTTA,Inner medulla
GACTAGTACGCATACA,Inner medulla
GACTAGTACTCAATGA,Inner medulla
GACTAGTACTGGCATA,Inner medulla
GACTAGTAGAATCTGA,Inner medulla
GACTAGTAGACTAGTA,Inner medulla
GACTAGTAGAGCTGAA,Inner medulla
GACTAGTAGATAGACA,Inner medulla
GACTAGTAGCCAAGAC,Inner medulla
GACTAGTAGCCACATA,Inner stripe
GACTAGTAGCGAGTAA,Inner stripe
GACTAGTAGCTAACGA,Inner stripe
GACTAGTAGGAGAACA,Inner stripe
GACTAGTAGTACGCAA,Cortex
GACTAGTAGTCGTAGA,Cortex
GACTAGTAGTCTGTCA,Cortex
GACTAGTAGTGTTCTA,Cortex
GACTAGTATAGGATGA,Cortex
GAGCTGAAAACAACCA,Cortex
GAGCTGAAAACCGAGA,Inner stripe
GAGCTGAAAACGCTTA,Inner stripe
GAGCTGAAAACGTGAT,Inner medulla
GAGCTGAAAAGACGGA,Inner stripe
GAGCTGAAAAGGTACA,Inner stripe
GAGCTGAAACAAGCTA,Cortex
GAGCTGAAACACAGAA,Inner stripe
GAGCTGAAACAGCAGA,Inner stripe
GAGCTGAAACATTGGC,Cortex
GAGCTGAAACCACTGT,Cortex
GAGCTGAAACCTCCAA,Inner medulla
GAGCTGAAACGTATCA,Inner medulla
GAGCTGAAACTATGCA,Inner medulla
GAGCTGAAAGAGTCAA,Inner medulla
GAGCTGAAAGATCGCA,Cortex
GAGCTGAAAGCAGGAA,Inner medulla
GAGCTGAAAGTACAAG,Cortex
GAGCTGAAAGTCACTA,Inner medulla
GAGCTGAAAGTGGTCA,Cortex
GAGCTGAAATCCTGTA,Inner medulla
GAGCTGAAATGCCTAA,Cortex
GAGCTGAACAACCACA,Inner medulla
GAGCTGAACAATGGAA,Renal pelvis
GAGCTGAACACTTCGA,Renal pelvis
GAGCTGAACAGATCTG,Cortex
GAGCTGAACAGCGTTA,Renal pelvis
GAGCTGAACATACCAA,Renal pelvis
GAGCTGAACATCAAGT,Cortex
GAGCTGAACCAGTTCA,Renal pelvis
GAGCTGAACCGAAGTA,Renal pelvis
GAGCTGAACGAACTTA,Renal pelvis
GAGCTGAAGACTAGTA,Inner medulla
GAGCTGAAGCCAAGAC,Inner medulla
GATAGACAAACAACCA,Cortex
GATAGACAAACCGAGA,Outer stripe
GATAGACAAACGCTTA,Inner stripe
GATAGACAAACGTGAT,Inner medulla
GATAGACAAAGACGGA,Inner stripe
GATAGACAAAGGTACA,Inner stripe
GATAGACAACAAGCTA,Cortex
GATAGACAACACAGAA,Inner stripe
GATAGACAACAGCAGA,Inner stripe
GATAGACAACATTGGC,Cortex
GATAGACAACCACTGT,Cortex
GATAGACAACCTCCAA,Inner medulla
GATAGACAACGTATCA,Inner medulla
GATAGACAACTATGCA,Inner medulla
GATAGACAAGAGTCAA,Inner medulla
GATAGACAAGATCGCA,Cortex
GATAGACAAGCAGGAA,Inner medulla
GATAGACAAGTACAAG,Cortex
GATAGACAAGTCACTA,Inner medulla
GATAGACAAGTGGTCA,Cortex
GATAGACAATCCTGTA,Inner medulla
GATAGACAATGCCTAA,Cortex
GATAGACACAACCACA,Inner medulla
GATAGACACAAGACTA,Renal pelvis
GATAGACACAATGGAA,Inner medulla
GATAGACACACTTCGA,Renal pelvis
GATAGACACAGATCTG,Cortex
GATAGACACAGCGTTA,Renal pelvis
GATAGACACATACCAA,Renal pelvis
GATAGACACATCAAGT,Cortex
GATAGACACCAGTTCA,Renal pelvis
GATAGACACCGAAGTA,Renal pelvis
GATAGACAGACTAGTA,Inner medulla
GATAGACAGAGCTGAA,Renal pelvis
GATAGACAGCCAAGAC,Inner medulla
GCCAAGACAACAACCA,Cortex
GCCAAGACAACCGAGA,Cortex
GCCAAGACAACGCTTA,Cortex
GCCAAGACAACGTGAT,Inner stripe
GCCAAGACAAGACGGA,Cortex
GCCAAGACAAGGTACA,Cortex
GCCAAGACACAAGCTA,Cortex
GCCAAGACACACAGAA,Outer stripe
GCCAAGACACAGCAGA,Outer stripe
GCCAAGACACATTGGC,Cortex
GCCAAGACACCACTGT,Cortex
GCCAAGACACCTCCAA,Outer stripe
GCCAAGACACGTATCA,Inner stripe
GCCAAGACACTATGCA,Inner stripe
GCCAAGACAGAGTCAA,Inner stripe
GCCAAGACAGCAGGAA,Inner medulla
GCCAAGACAGTACAAG,Cortex
GCCAAGACAGTCACTA,Inner medulla
GCCAAGACAGTGGTCA,Cortex
GCCAAGACATCCTGTA,Inner medulla
GCCAAGACCAACCACA,Inner medulla
GCCAAGACCAAGACTA,Inner medulla
GCCAAGACCAATGGAA,Inner medulla
GCCAAGACCACTTCGA,Inner medulla
GCCAAGACCAGATCTG,Cortex
GCCAAGACCAGCGTTA,Inner medulla
GCCAAGACCATACCAA,Inner medulla
GCCAAGACCATCAAGT,Cortex
GCCAAGACCCAGTTCA,Inner medulla
GCCAAGACCCGAAGTA,Inner medulla
GCCAAGACCGAACTTA,Inner medulla
GCCAAGACCGCATACA,Inner medulla
GCCAAGACCTCAATGA,Inner medulla
GCCAAGACCTGGCATA,Inner medulla
GCCAAGACGAATCTGA,Inner medulla
GCCAAGACGACTAGTA,Inner medulla
GCCAAGACGAGCTGAA,Inner medulla
GCCAAGACGATAGACA,Inner medulla
GCCAAGACGCCAAGAC,Inner medulla
GCCAAGACGCCACATA,Inner stripe
GCCAAGACGCGAGTAA,Inner stripe
GCCAAGACGCTAACGA,Inner stripe
GCCAAGACGGAGAACA,Inner stripe
GCCAAGACGTACGCAA,Outer stripe
GCCAAGACGTCGTAGA,Cortex
GCCAAGACGTCTGTCA,Cortex
GCCAAGACGTGTTCTA,Cortex
GCCAAGACTAGGATGA,Cortex
GCCACATAAACAACCA,Cortex
GCCACATAAACCGAGA,Outer stripe
GCCACATAAACGCTTA,Outer stripe
GCCACATAAACGTGAT,Inner medulla
GCCACATAAAGACGGA,Inner stripe
GCCACATAAAGGTACA,Inner stripe
GCCACATAACAAGCTA,Cortex
GCCACATAACACAGAA,Inner stripe
GCCACATAACAGCAGA,Inner stripe
GCCACATAACATTGGC,Cortex
GCCACATAACCACTGT,Cortex
GCCACATAACCTCCAA,Inner medulla
GCCACATAACGTATCA,Inner medulla
GCCACATAACTATGCA,Inner medulla
GCCACATAAGAGTCAA,Inner medulla
GCCACATAAGATCGCA,Cortex
GCCACATAAGCAGGAA,Inner medulla
GCCACATAAGTACAAG,Cortex
GCCACATAAGTCACTA,Inner medulla
GCCACATAAGTGGTCA,Cortex
GCCACATAATCCTGTA,Inner medulla
GCCACATAATGCCTAA,Cortex
GCCACATACAACCACA,Inner medulla
GCCACATACAAGACTA,Renal pelvis
GCCACATACACTTCGA,Inner medulla
GCCACATACAGATCTG,Cortex
GCCACATACAGCGTTA,Renal pelvis
GCCACATACATACCAA,Renal pelvis
GCCACATACATCAAGT,Cortex
GCCACATACCAGTTCA,Renal pelvis
GCCACATACCGAAGTA,Renal pelvis
GCCACATACGAACTTA,Renal pelvis
GCCACATACGCATACA,Renal pelvis
GCCACATACTCAATGA,Renal pelvis
GCCACATACTGGCATA,Renal pelvis
GCCACATAGAATCTGA,Renal pelvis
GCCACATAGACTAGTA,Inner medulla
GCCACATAGAGCTGAA,Renal pelvis
GCCACATAGATAGACA,Renal pelvis
GCCACATAGCCAAGAC,Inner medulla
GCCACATAGCCACATA,Cortex
GCGAGTAAAACAACCA,Cortex
GCGAGTAAAACCGAGA,Outer stripe
GCGAGTAAAACGCTTA,Outer stripe
GCGAGTAAAACGTGAT,Inner medulla
GCGAGTAAAAGACGGA,Inner stripe
GCGAGTAAAAGGTACA,Inner stripe
GCGAGTAAACAAGCTA,Cortex
GCGAGTAAACACAGAA,Inner stripe
GCGAGTAAACAGCAGA,Inner stripe
GCGAGTAAACATTGGC,Cortex
GCGAGTAAACCACTGT,Cortex
GCGAGTAAACCTCCAA,Inner medulla
GCGAGTAAACGTATCA,Inner medulla
GCGAGTAAACTATGCA,Inner medulla
GCGAGTAAAGAGTCAA,Inner medulla
GCGAGTAAAGATCGCA,Cortex
GCGAGTAAAGCAGGAA,Inner medulla
GCGAGTAAAGTACAAG,Cortex
GCGAGTAAAGTCACTA,Inner medulla
GCGAGTAAAGTGGTCA,Cortex
GCGAGTAAATCCTGTA,Inner medulla
GCGAGTAAATGCCTAA,Cortex
GCGAGTAACAACCACA,Inner medulla
GCGAGTAACAAGACTA,Renal pelvis
GCGAGTAACAGATCTG,Cortex
GCGAGTAACAGCGTTA,Renal pelvis
GCGAGTAACATACCAA,Renal pelvis
GCGAGTAACATCAAGT,Cortex
GCGAGTAACCAGTTCA,Renal pelvis
GCGAGTAACCGAAGTA,Renal pelvis
GCGAGTAACGAACTTA,Renal pelvis
GCGAGTAACGCATACA,Renal pelvis
GCGAGTAACTCAATGA,Renal pelvis
GCGAGTAACTGGCATA,Renal pelvis
GCGAGTAAGAATCTGA,Renal pelvis
GCGAGTAAGACTAGTA,Inner medulla
GCGAGTAAGAGCTGAA,Cortex
GCGAGTAAGATAGACA,Cortex
GCGAGTAAGCCAAGAC,Inner medulla
GCGAGTAAGCCACATA,Cortex
GCGAGTAAGCGAGTAA,Cortex
GCTAACGAAACAACCA,Cortex
GCTAACGAAACCGAGA,Outer stripe
GCTAACGAAACGCTTA,Inner stripe
GCTAACGAAACGTGAT,Inner medulla
GCTAACGAAAGACGGA,Inner stripe
GCTAACGAAAGGTACA,Inner stripe
GCTAACGAACAAGCTA,Cortex
GCTAACGAACACAGAA,Inner stripe
GCTAACGAACAGCAGA,Inner stripe
GCTAACGAACATTGGC,Cortex
GCTAACGAACCACTGT,Cortex
GCTAACGAACCTCCAA,Inner medulla
GCTAACGAACGTATCA,Inner medulla
GCTAACGAACTATGCA,Inner medulla
GCTAACGAAGAGTCAA,Inner medulla
GCTAACGAAGATCGCA,Cortex
GCTAACGAAGCAGGAA,Inner medulla
GCTAACGAAGTACAAG,Cortex
GCTAACGAAGTCACTA,Inner medulla
GCTAACGAAGTGGTCA,Cortex
GCTAACGAATCCTGTA,Inner medulla
GCTAACGAATGCCTAA,Cortex
GCTAACGACAACCACA,Inner medulla
GCTAACGACAAGACTA,Cortex
GCTAACGACAATGGAA,Inner medulla
GCTAACGACAGATCTG,Cortex
GCTAACGACAGCGTTA,Renal pelvis
GCTAACGACATACCAA,Renal pelvis
GCTAACGACATCAAGT,Cortex
GCTAACGACCAGTTCA,Renal pelvis
GCTAACGACCGAAGTA,Renal pelvis
GCTAACGACGAACTTA,Renal pelvis
GCTAACGACGCATACA,Renal pelvis
GCTAACGACTCAATGA,Renal pelvis
GCTAACGACTGGCATA,Outer stripe
GCTAACGAGAATCTGA,Outer stripe
GCTAACGAGACTAGTA,Inner medulla
GCTAACGAGAGCTGAA,Renal pelvis
GCTAACGAGATAGACA,Cortex
GCTAACGAGCCAAGAC,Inner medulla
GCTAACGAGCCACATA,Renal pelvis
GCTAACGAGCGAGTAA,Cortex
GCTAACGAGCTAACGA,Cortex
GGAGAACAAACAACCA,Outer stripe
GGAGAACAAACCGAGA,Outer stripe
GGAGAACAAACGCTTA,Inner stripe
GGAGAACAAACGTGAT,Inner medulla
GGAGAACAAAGACGGA,Inner stripe
GGAGAACAAAGGTACA,Inner stripe
GGAGAACAACAAGCTA,Cortex
GGAGAACAACACAGAA,Inner stripe
GGAGAACAACAGCAGA,Inner stripe
GGAGAACAACATTGGC,Cortex
GGAGAACAACCACTGT,Cortex
GGAGAACAACCTCCAA,Inner medulla
GGAGAACAACGTATCA,Inner medulla
GGAGAACAACTATGCA,Inner medulla
GGAGAACAAGAGTCAA,Inner medulla
GGAGAACAAGATCGCA,Cortex
GGAGAACAAGCAGGAA,Inner medulla
GGAGAACAAGTACAAG,Cortex
GGAGAACAAGTCACTA,Inner medulla
GGAGAACAAGTGGTCA,Cortex
GGAGAACAATCCTGTA,Inner medulla
GGAGAACAATGCCTAA,Cortex
GGAGAACACAACCACA,Inner medulla
GGAGAACACAAGACTA,Outer stripe
GGAGAACACAATGGAA,Inner medulla
GGAGAACACACTTCGA,Inner medulla
GGAGAACACAGATCTG,Cortex
GGAGAACACAGCGTTA,Inner medulla
GGAGAACACATACCAA,Inner medulla
GGAGAACACATCAAGT,Cortex
GGAGAACACCAGTTCA,Renal pelvis
GGAGAACACCGAAGTA,Renal pelvis
GGAGAACACGAACTTA,Renal pelvis
GGAGAACACGCATACA,Renal pelvis
GGAGAACACTCAATGA,Inner stripe
GGAGAACACTGGCATA,Inner stripe
GGAGAACAGAATCTGA,Outer stripe
GGAGAACAGACTAGTA,Inner medulla
GGAGAACAGAGCTGAA,Cortex
GGAGAACAGATAGACA,Cortex
GGAGAACAGCCAAGAC,Inner medulla
GGAGAACAGCCACATA,Cortex
GGAGAACAGCGAGTAA,Cortex
GGAGAACAGCTAACGA,Cortex
GGAGAACAGGAGAACA,Cortex
GGAGAACAGTACGCAA,Cortex
GGAGAACAGTCGTAGA,Cortex
GTACGCAAAACAACCA,Outer stripe
GTACGCAAAACCGAGA,Outer stripe
GTACGCAAAACGCTTA,Inner stripe
GTACGCAAAACGTGAT,Inner medulla
GTACGCAAAAGACGGA,Inner stripe
GTACGCAAAAGGTACA,Inner stripe
GTACGCAAACAAGCTA,Cortex
GTACGCAAACACAGAA,Inner stripe
GTACGCAAACAGCAGA,Inner stripe
GTACGCAAACATTGGC,Cortex
GTACGCAAACCACTGT,Cortex
GTACGCAAACCTCCAA,Inner medulla
GTACGCAAACGTATCA,Inner medulla
GTACGCAAACTATGCA,Inner medulla
GTACGCAAAGAGTCAA,Inner medulla
GTACGCAAAGATCGCA,Cortex
GTACGCAAAGCAGGAA,Inner medulla
GTACGCAAAGTACAAG,Cortex
GTACGCAAAGTCACTA,Inner medulla
GTACGCAAAGTGGTCA,Cortex
GTACGCAAATCCTGTA,Inner medulla
GTACGCAAATGCCTAA,Cortex
GTACGCAACAACCACA,Inner medulla
GTACGCAACAAGACTA,Outer stripe
GTACGCAACAATGGAA,Inner medulla
GTACGCAACACTTCGA,Inner medulla
GTACGCAACAGATCTG,Cortex
GTACGCAACAGCGTTA,Inner medulla
GTACGCAACATACCAA,Inner medulla
GTACGCAACATCAAGT,Cortex
GTACGCAACCAGTTCA,Inner medulla
GTACGCAACCGAAGTA,Renal pelvis
GTACGCAACGAACTTA,Renal pelvis
GTACGCAACGCATACA,Outer stripe
GTACGCAACTCAATGA,Inner stripe
GTACGCAACTGGCATA,Inner stripe
GTACGCAAGAATCTGA,Inner stripe
GTACGCAAGACTAGTA,Inner medulla
GTACGCAAGAGCTGAA,Outer stripe
GTACGCAAGATAGACA,Cortex
GTACGCAAGCCAAGAC,Inner medulla
GTACGCAAGCCACATA,Cortex
GTACGCAAGCGAGTAA,Cortex
GTACGCAAGCTAACGA,Cortex
GTACGCAAGGAGAACA,Cortex
GTACGCAAGTACGCAA,Cortex
GTACGCAAGTCGTAGA,Cortex
GTCGTAGAAACAACCA,Outer stripe
GTCGTAGAAACCGAGA,Inner stripe
GTCGTAGAAACGCTTA,Inner stripe
GTCGTAGAAACGTGAT,Inner medulla
GTCGTAGAAAGACGGA,Inner stripe
GTCGTAGAAAGGTACA,Inner stripe
GTCGTAGAACAAGCTA,Cortex
GTCGTAGAACACAGAA,Inner stripe
GTCGTAGAACAGCAGA,Inner stripe
GTCGTAGAACATTGGC,Cortex
GTCGTAGAACCACTGT,Cortex
GTCGTAGAACCTCCAA,Inner medulla
GTCGTAGAACGTATCA,Inner medulla
GTCGTAGAACTATGCA,Inner medulla
GTCGTAGAAGAGTCAA,Inner medulla
GTCGTAGAAGATCGCA,Cortex
GTCGTAGAAGCAGGAA,Inner medulla
GTCGTAGAAGTACAAG,Cortex
GTCGTAGAAGTCACTA,Inner medulla
GTCGTAGAAGTGGTCA,Cortex
GTCGTAGAATCCTGTA,Inner medulla
GTCGTAGAATGCCTAA,Cortex
GTCGTAGACAACCACA,Inner medulla
GTCGTAGACAAGACTA,Outer stripe
GTCGTAGACAATGGAA,Inner medulla
GTCGTAGACACTTCGA,Inner medulla
GTCGTAGACAGATCTG,Cortex
GTCGTAGACAGCGTTA,Inner medulla
GTCGTAGACATACCAA,Inner medulla
GTCGTAGACATCAAGT,Cortex
GTCGTAGACCAGTTCA,Inner medulla
GTCGTAGACCGAAGTA,Inner medulla
GTCGTAGACGAACTTA,Renal pelvis
GTCGTAGACGCATACA,Outer stripe
GTCGTAGACTCAATGA,Inner stripe
GTCGTAGACTGGCATA,Inner stripe
GTCGTAGAGAATCTGA,Inner stripe
GTCGTAGAGACTAGTA,Inner medulla
GTCGTAGAGAGCTGAA,Outer stripe
GTCGTAGAGATAGACA,Cortex
GTCGTAGAGCCAAGAC,Inner medulla
GTCGTAGAGCCACATA,Cortex
GTCGTAGAGCGAGTAA,Cortex
GTCGTAGAGCTAACGA,Cortex
GTCGTAGAGGAGAACA,Cortex
GTCGTAGAGTACGCAA,Cortex
GTCGTAGAGTCGTAGA,Cortex
GTCGTAGAGTCTGTCA,Cortex
GTCTGTCAAACAACCA,Outer stripe
GTCTGTCAAACCGAGA,Inner stripe
GTCTGTCAAACGCTTA,Inner stripe
GTCTGTCAAACGTGAT,Inner medulla
GTCTGTCAAAGACGGA,Inner stripe
GTCTGTCAAAGGTACA,Inner stripe
GTCTGTCAACAAGCTA,Cortex
GTCTGTCAACACAGAA,Inner stripe
GTCTGTCAACAGCAGA,Inner medulla
GTCTGTCAACATTGGC,Cortex
GTCTGTCAACCACTGT,Cortex
GTCTGTCAACCTCCAA,Inner medulla
GTCTGTCAACGTATCA,Inner medulla
GTCTGTCAACTATGCA,Inner medulla
GTCTGTCAAGAGTCAA,Inner medulla
GTCTGTCAAGATCGCA,Cortex
GTCTGTCAAGCAGGAA,Inner medulla
GTCTGTCAAGTACAAG,Cortex
GTCTGTCAAGTCACTA,Inner medulla
GTCTGTCAAGTGGTCA,Cortex
GTCTGTCAATCCTGTA,Inner medulla
GTCTGTCAATGCCTAA,Cortex
GTCTGTCACAACCACA,Inner medulla
GTCTGTCACAAGACTA,Outer stripe
GTCTGTCACAATGGAA,Inner medulla
GTCTGTCACACTTCGA,Inner medulla
GTCTGTCACAGATCTG,Cortex
GTCTGTCACAGCGTTA,Inner medulla
GTCTGTCACATACCAA,Inner medulla
GTCTGTCACATCAAGT,Cortex
GTCTGTCACCAGTTCA,Inner medulla
GTCTGTCACCGAAGTA,Renal pelvis
GTCTGTCACGAACTTA,Renal pelvis
GTCTGTCACGCATACA,Inner stripe
GTCTGTCACTCAATGA,Inner stripe
GTCTGTCACTGGCATA,Inner stripe
GTCTGTCAGAATCTGA,Inner stripe
GTCTGTCAGACTAGTA,Inner medulla
GTCTGTCAGAGCTGAA,Cortex
GTCTGTCAGATAGACA,Cortex
GTCTGTCAGCCAAGAC,Inner medulla
GTCTGTCAGCCACATA,Cortex
GTCTGTCAGCGAGTAA,Cortex
GTCTGTCAGCTAACGA,Cortex
GTCTGTCAGGAGAACA,Cortex
GTCTGTCAGTACGCAA,Cortex
GTCTGTCAGTCGTAGA,Cortex
GTCTGTCAGTCTGTCA,Cortex
GTGTTCTAAACAACCA,Outer stripe
GTGTTCTAAACCGAGA,Inner stripe
GTGTTCTAAACGCTTA,Inner stripe
GTGTTCTAAACGTGAT,Inner medulla
GTGTTCTAAAGACGGA,Inner stripe
GTGTTCTAAAGGTACA,Inner stripe
GTGTTCTAACAAGCTA,Cortex
GTGTTCTAACACAGAA,Inner stripe
GTGTTCTAACAGCAGA,Inner stripe
GTGTTCTAACATTGGC,Cortex
GTGTTCTAACCACTGT,Cortex
GTGTTCTAACCTCCAA,Inner medulla
GTGTTCTAACGTATCA,Inner medulla
GTGTTCTAACTATGCA,Inner medulla
GTGTTCTAAGAGTCAA,Inner medulla
GTGTTCTAAGATCGCA,Cortex
GTGTTCTAAGCAGGAA,Inner medulla
GTGTTCTAAGTACAAG,Cortex
GTGTTCTAAGTCACTA,Inner medulla
GTGTTCTAAGTGGTCA,Cortex
GTGTTCTAATCCTGTA,Inner medulla
GTGTTCTAATGCCTAA,Cortex
GTGTTCTACAACCACA,Inner medulla
GTGTTCTACAAGACTA,Cortex
GTGTTCTACAATGGAA,Inner medulla
GTGTTCTACACTTCGA,Inner medulla
GTGTTCTACAGATCTG,Cortex
GTGTTCTACAGCGTTA,Inner medulla
GTGTTCTACATACCAA,Inner medulla
GTGTTCTACATCAAGT,Cortex
GTGTTCTACCAGTTCA,Inner medulla
GTGTTCTACCGAAGTA,Renal pelvis
GTGTTCTACGAACTTA,Renal pelvis
GTGTTCTACGCATACA,Outer stripe
GTGTTCTACTCAATGA,Inner stripe
GTGTTCTACTGGCATA,Inner stripe
GTGTTCTAGAATCTGA,Inner stripe
GTGTTCTAGACTAGTA,Inner medulla
GTGTTCTAGAGCTGAA,Cortex
GTGTTCTAGATAGACA,Cortex
GTGTTCTAGCCAAGAC,Inner medulla
GTGTTCTAGCCACATA,Cortex
GTGTTCTAGCGAGTAA,Cortex
GTGTTCTAGCTAACGA,Cortex
GTGTTCTAGGAGAACA,Cortex
GTGTTCTAGTACGCAA,Cortex
GTGTTCTAGTCGTAGA,Cortex
GTGTTCTAGTCTGTCA,Cortex
TAGGATGAAACAACCA,Inner stripe
TAGGATGAAACCGAGA,Inner stripe
TAGGATGAAACGCTTA,Inner stripe
TAGGATGAAACGTGAT,Inner medulla
TAGGATGAAAGACGGA,Inner stripe
TAGGATGAAAGGTACA,Inner stripe
TAGGATGAACAAGCTA,Cortex
TAGGATGAACACAGAA,Inner stripe
TAGGATGAACAGCAGA,Inner stripe
TAGGATGAACATTGGC,Cortex
TAGGATGAACCACTGT,Cortex
TAGGATGAACCTCCAA,Inner medulla
TAGGATGAACGTATCA,Inner medulla
TAGGATGAACTATGCA,Inner medulla
TAGGATGAAGAGTCAA,Inner medulla
TAGGATGAAGATCGCA,Cortex
TAGGATGAAGCAGGAA,Inner medulla
TAGGATGAAGTACAAG,Outer stripe
TAGGATGAAGTCACTA,Inner medulla
TAGGATGAAGTGGTCA,Cortex
TAGGATGAATCCTGTA,Inner medulla
TAGGATGAATGCCTAA,Cortex
TAGGATGACAACCACA,Inner medulla
TAGGATGACAAGACTA,Cortex
TAGGATGACAATGGAA,Inner medulla
TAGGATGACACTTCGA,Inner medulla
TAGGATGACAGATCTG,Cortex
TAGGATGACAGCGTTA,Inner medulla
TAGGATGACATACCAA,Inner medulla
TAGGATGACATCAAGT,Cortex
TAGGATGACCAGTTCA,Renal pelvis
TAGGATGACCGAAGTA,Inner medulla
TAGGATGACGAACTTA,Renal pelvis
TAGGATGACGCATACA,Renal pelvis
TAGGATGACTCAATGA,Outer stripe
TAGGATGACTGGCATA,Inner stripe
TAGGATGAGAATCTGA,Inner stripe
TAGGATGAGACTAGTA,Inner medulla
TAGGATGAGAGCTGAA,Cortex
TAGGATGAGATAGACA,Cortex
TAGGATGAGCCAAGAC,Inner medulla
TAGGATGAGCCACATA,Cortex
TAGGATGAGCGAGTAA,Cortex
TAGGATGAGCTAACGA,Cortex
TAGGATGAGGAGAACA,Cortex
TAGGATGAGTACGCAA,Cortex
TAGGATGAGTCGTAGA,Cortex
TAGGATGAGTCTGTCA,Cortex
